Player,Team,G,AB,PA,H,1B,2B,3B,HR,R,RBI,BB,IBB,SO,HBP,SF,SH,GDP,SB,CS,AVG,BB%,K%,BB/K,OBP,SLG,OPS,ISO,Spd,BABIP,UBR,wGDP,wSB,wRC,wRAA,wOBA,wRC+,GB/FB,LD%,GB%,Flyball%,IFFB%,HR/FB,IFH,IFH%,BUH,BUH%,Pull%,Cent%,Oppo%,Soft%,Med%,Hard%,batted ball,EV,maxEV,LA,Barrels,Barrel%,HardHit,HardHit%,xBA,xSLG,xwOBA,Clutch,O-Swing%,Z-Swing%,Swing%,O-Contact%,Z-Contact%,Contact%,Zone%,F-Strike%,SwStr%,CStr%,CSW%,wFB,wSL,wCT,wCB,wCH,wSF,wFB/C,wSL/C,wCT/C,wCB/C,wCH/C,wSF/C,fastball%,FBv,SL%,SLv,CT%,CTv,CB%,CBv,CH%,CHv,SF%,SFv,Batting,Base Running,Fielding,WAR
Zach McKinstry,DET,148,464,518,107,73,21,4,9,60,35,44,0,113,5,3,2,3,16,6,0.231,0.085,0.218,0.39,0.302,0.351,0.654,0.121,6,0.284,0.9,1.1,-0.3,50,-12.7,0.289,81,0.82,0.218,0.35100000000000003,0.431,0.039,0.059000000000000004,8,0.065,0,0,0.354,0.376,0.27,0.124,0.601,0.275,356,87.2,108.3,17.8,27,0.076,118,0.332,0.245,0.389,0.311,-0.15,0.305,0.691,0.47,0.669,0.909,0.82,0.42700000000000005,0.575,0.085,0.165,0.25,-5,-2.7,-0.3,1.3,-1,-1.9,-0.45,-0.8,-0.22,0.64,-0.38,-3.71,0.522,94.1,0.162,84.2,0.065,89.5,0.096,80,0.13,86.3,0.025,87.3,-11.8,1.7,4.5,1.2
Yandy Diaz,TBR,137,525,600,173,116,35,0,22,95,78,65,0,94,8,2,0,16,0,1,0.33,0.10800000000000001,0.157,0.69,0.41,0.522,0.932,0.192,1.8,0.367,-2.2,-2.9,-1.9,115,41.5,0.402,164,1.81,0.19399999999999998,0.52,0.28600000000000003,0.055999999999999994,0.177,18,0.08,0,0,0.314,0.41100000000000003,0.275,0.106,0.47600000000000003,0.418,433,93.4,114.5,5.7,41,0.095,234,0.54,0.301,0.479,0.381,0.57,0.228,0.685,0.426,0.6809999999999999,0.9009999999999999,0.8340000000000001,0.433,0.593,0.07,0.18100000000000002,0.251,7.2,17.7,1.7,12,0.9,-0.7,0.58,3.36,0.98,8.02,0.39,-1.21,0.522,93.9,0.223,84.8,0.073,89.4,0.063,80.5,0.096,84.8,0.023,87.3,46.1,-7,-2.3,4.7
Xander Bogaerts,SDP,155,596,665,170,118,31,2,19,83,58,56,0,110,7,6,0,21,19,2,0.285,0.084,0.165,0.51,0.35,0.44,0.79,0.154,5.2,0.319,-0.6,-1.9,1.6,95,13.5,0.343,120,1.53,0.16699999999999998,0.504,0.32899999999999996,0.068,0.11699999999999999,30,0.121,0,0,0.402,0.315,0.28300000000000003,0.161,0.539,0.301,492,87.6,111.4,7.9,30,0.061,169,0.344,0.252,0.395,0.317,-1.69,0.28600000000000003,0.603,0.426,0.6859999999999999,0.883,0.809,0.441,0.608,0.081,0.217,0.298,-5.4,6.8,-0.4,6.3,1.1,-0.2,-0.42,1.08,-0.23,3.26,0.37,-0.27,0.48700000000000004,93.9,0.239,84.6,0.063,89.1,0.073,80.7,0.113,85.4,0.025,86.5,16.6,-0.9,0.4,4.4
Willy Adames,MIL,149,553,638,120,65,29,2,24,73,80,71,1,165,6,6,0,12,5,3,0.217,0.111,0.259,0.43,0.31,0.407,0.717,0.19,3.5,0.259,1.1,0,-1.4,74,-3.7,0.311,94,0.81,0.193,0.36,0.447,0.114,0.136,7,0.049,0,0,0.46399999999999997,0.358,0.17800000000000002,0.183,0.46399999999999997,0.353,396,87.4,109.8,18.2,49,0.124,143,0.361,0.242,0.442,0.341,-0.44,0.35600000000000004,0.736,0.499,0.565,0.835,0.715,0.377,0.603,0.142,0.13699999999999998,0.278,-6.6,-2.2,-2,1.7,4.9,0.9,-0.59,-0.31,-1,0.89,1.61,1.56,0.436,93.6,0.273,84.3,0.077,88.4,0.074,79.4,0.11800000000000001,85.3,0.022000000000000002,87.1,-5,-0.3,11.3,3.4
William Contreras,MIL,141,540,611,157,101,38,1,17,86,78,63,2,126,5,2,1,23,6,1,0.291,0.10300000000000001,0.20600000000000002,0.5,0.369,0.459,0.828,0.169,3.9,0.351,0,-2.9,-0.5,95,20.5,0.359,125,1.91,0.161,0.55,0.28800000000000003,0.1,0.142,20,0.087,0,0,0.34299999999999997,0.391,0.266,0.14400000000000002,0.499,0.35700000000000004,417,91.3,113.9,4.7,39,0.094,202,0.484,0.253,0.432,0.336,-0.95,0.27899999999999997,0.6409999999999999,0.43200000000000005,0.619,0.816,0.742,0.42100000000000004,0.607,0.111,0.187,0.298,4.3,8.5,-4.7,3,2.3,-1.4,0.38,1.49,-2.87,1.3,0.82,-3.43,0.47,93.6,0.235,84.5,0.068,88.6,0.096,79.5,0.114,84.9,0.017,85.7,19.2,-3.4,13.4,5.4
Will Smith,LAD,126,464,554,121,79,21,2,19,80,76,63,2,89,15,12,0,8,3,0,0.261,0.114,0.161,0.71,0.359,0.438,0.797,0.177,4,0.277,0.9,1.6,-0.6,80,12.2,0.345,119,0.85,0.18899999999999997,0.37200000000000005,0.439,0.065,0.11199999999999999,13,0.09,0,0,0.377,0.344,0.27899999999999997,0.142,0.501,0.35700000000000004,387,89.3,110.8,15.6,26,0.067,160,0.413,0.261,0.433,0.353,-1.69,0.284,0.7020000000000001,0.457,0.7709999999999999,0.861,0.828,0.415,0.5870000000000001,0.078,0.165,0.243,-3.2,6,2.7,3.1,4.2,1.2,-0.27,1.12,1.45,1.76,2.39,5.92,0.521,94,0.235,84.8,0.081,89.2,0.076,80.3,0.078,86.1,0.009,88,12.9,1.9,3.6,4.4
Whit Merrifield,TOR,145,547,592,149,111,27,0,11,66,67,36,2,101,3,6,0,15,26,10,0.272,0.061,0.171,0.36,0.318,0.382,0.7,0.11,4.5,0.313,2.5,-1.3,-0.2,65,-7,0.304,93,1.08,0.222,0.40399999999999997,0.375,0.089,0.065,17,0.093,0,0,0.34299999999999997,0.37799999999999995,0.27899999999999997,0.17300000000000001,0.573,0.254,452,85.1,106.1,14.4,11,0.024,109,0.24100000000000002,0.241,0.329,0.274,0.68,0.364,0.701,0.509,0.741,0.877,0.821,0.431,0.655,0.091,0.159,0.25,-8.1,3.3,-2.8,-0.2,-0.3,0.5,-0.78,0.57,-1.39,-0.11,-0.2,1.08,0.473,93.9,0.263,84.3,0.091,88.7,0.083,79.6,0.069,84.6,0.02,85.7,-4.8,1,1.4,1.5
Vladimir Guerrero Jr.,TOR,156,602,682,159,103,30,0,26,78,94,67,5,100,9,4,0,23,5,3,0.264,0.098,0.147,0.67,0.345,0.444,0.788,0.179,2.4,0.277,-4,-1.5,-1.6,95,12.1,0.34,118,1.31,0.184,0.462,0.354,0.11699999999999999,0.145,8,0.034,0,0,0.423,0.35,0.22699999999999998,0.158,0.478,0.364,506,92.1,116.7,10.5,56,0.111,249,0.49200000000000005,0.291,0.494,0.374,0.12,0.325,0.768,0.506,0.6459999999999999,0.873,0.787,0.408,0.617,0.10800000000000001,0.128,0.23600000000000002,2.2,0.2,1.8,2.4,-0.2,1.4,0.19,0.04,0.86,1.33,-0.09,2.64,0.47100000000000003,94.2,0.25,84.6,0.085,89.1,0.073,80.3,0.099,85.4,0.023,86.1,14.6,-7.1,-8,1
Tyler Stephenson,CIN,142,465,517,113,78,20,2,13,59,56,47,2,135,4,1,0,16,0,1,0.243,0.091,0.261,0.35,0.317,0.378,0.696,0.135,2.7,0.314,-1.9,-2.4,-1.4,57,-5.7,0.305,85,1.69,0.22699999999999998,0.486,0.287,0.042,0.13699999999999998,11,0.068,0,0,0.39899999999999997,0.32899999999999996,0.272,0.11199999999999999,0.55,0.33799999999999997,331,89.4,111.1,8.9,25,0.076,143,0.43200000000000005,0.241,0.393,0.313,-1.04,0.275,0.633,0.426,0.564,0.85,0.743,0.42100000000000004,0.634,0.109,0.191,0.3,-0.6,0.4,-3.9,1.3,-2.7,0.2,-0.06,0.08,-2.46,0.85,-1.38,0.48,0.515,93.9,0.221,84.6,0.078,88.5,0.075,78.5,0.095,85.5,0.016,86.1,-9.9,-5.7,-10.1,-0.7
Ty France,SEA,158,587,665,147,103,32,0,12,79,58,43,0,117,34,1,0,25,1,0,0.25,0.065,0.17600000000000002,0.37,0.337,0.366,0.703,0.116,2.5,0.294,-5.8,-2.8,-1.2,79,-2,0.315,104,1.2,0.23399999999999999,0.418,0.348,0.11599999999999999,0.073,4,0.02,0,0,0.429,0.36700000000000005,0.204,0.17,0.5579999999999999,0.272,471,87.5,112.7,13.7,32,0.068,181,0.384,0.266,0.413,0.339,-0.89,0.379,0.747,0.532,0.638,0.915,0.799,0.415,0.606,0.107,0.129,0.23600000000000002,-7.2,-2.8,-2,3.6,-2.6,0.7,-0.57,-0.46,-1.31,2.03,-1.4,1.42,0.515,94,0.249,84.5,0.064,88.7,0.073,80,0.078,85.2,0.021,85.5,2.8,-9.8,1.5,0.5
Triston Casas,BOS,132,429,502,113,66,21,2,24,66,65,70,2,126,1,2,0,7,0,0,0.263,0.139,0.251,0.56,0.367,0.49,0.856,0.226,2.2,0.317,-2.3,1.2,-1,82,20.4,0.367,129,0.87,0.21,0.36700000000000005,0.423,0.078,0.18600000000000003,5,0.045,0,0,0.387,0.40700000000000003,0.207,0.131,0.498,0.37,305,91.1,113.2,15.7,40,0.131,141,0.462,0.251,0.5,0.371,-0.61,0.26,0.6859999999999999,0.436,0.643,0.8029999999999999,0.747,0.414,0.536,0.11,0.155,0.265,8.2,2.6,3.1,1.8,4.7,-0.6,0.91,0.68,2.01,0.69,1.52,-0.98,0.435,94.1,0.183,84.4,0.076,89,0.125,80.1,0.15,86.4,0.031,87.3,17.7,-2.1,-5.9,1.8
Trent Grisham,SDP,153,469,555,93,48,31,1,13,67,50,75,0,154,5,1,4,7,15,3,0.198,0.135,0.27699999999999997,0.49,0.315,0.352,0.666,0.154,5,0.264,2.4,0.9,0.7,59,-9,0.299,91,0.82,0.21899999999999997,0.353,0.428,0.168,0.099,5,0.046,1,0.071,0.428,0.353,0.21899999999999997,0.16899999999999998,0.531,0.3,321,90.3,112.3,18.3,38,0.11800000000000001,128,0.39899999999999997,0.219,0.4,0.326,-1.37,0.243,0.617,0.41,0.61,0.82,0.7509999999999999,0.447,0.551,0.102,0.19,0.292,0.4,-5.5,-0.6,-2.5,-1.1,0.6,0.03,-1.18,-0.3,-1.2,-0.41,1.16,0.49200000000000005,93.7,0.19899999999999998,84.3,0.084,89.5,0.089,79.7,0.11199999999999999,86.6,0.023,87.3,-6.4,4,-2.1,1.7
Trea Turner,PHI,155,639,691,170,104,35,5,26,102,76,45,2,150,6,1,0,12,30,0,0.266,0.065,0.217,0.3,0.32,0.459,0.778,0.192,7.4,0.31,2.7,-0.2,4.8,93,8.5,0.333,108,1.01,0.21,0.396,0.39399999999999996,0.078,0.135,23,0.11900000000000001,0,0,0.396,0.369,0.235,0.147,0.504,0.349,490,89.9,110.8,13,41,0.084,207,0.42200000000000004,0.266,0.442,0.33,-0.46,0.38299999999999995,0.7659999999999999,0.531,0.5589999999999999,0.846,0.7190000000000001,0.387,0.648,0.149,0.125,0.27399999999999997,-4.8,12.8,0.5,0.7,1,0.3,-0.38,1.81,0.32,0.29,0.33,0.73,0.465,94,0.264,84.7,0.061,89,0.084,80.6,0.10800000000000001,85.2,0.017,85.8,6.8,7.3,-6.2,3.8
Tommy Edman,STL,137,479,528,119,77,25,4,13,69,47,35,1,84,7,4,3,9,27,4,0.248,0.066,0.159,0.42,0.307,0.399,0.705,0.15,7,0.275,-1.2,0.2,2.8,59,-5.6,0.306,92,1.59,0.168,0.51,0.322,0.086,0.102,16,0.079,0,0,0.43,0.363,0.20600000000000002,0.177,0.485,0.33799999999999997,402,89.1,111.2,7.5,20,0.05,155,0.386,0.26,0.383,0.31,0.81,0.311,0.636,0.456,0.716,0.941,0.856,0.444,0.619,0.066,0.19399999999999998,0.26,-0.8,-1.1,-3.3,2.2,0.6,-0.1,-0.1,-0.33,-1.87,1.29,0.25,-0.25,0.475,93.6,0.18100000000000002,84.4,0.099,89.2,0.094,79.4,0.126,85.8,0.023,86.7,-5,1.8,4.9,2.3
TJ Friedl,CIN,138,488,556,136,88,22,8,18,73,66,47,1,90,10,3,8,0,27,6,0.279,0.085,0.162,0.52,0.352,0.467,0.819,0.189,7.2,0.308,4.1,3.2,1.8,84,15.8,0.353,116,0.92,0.196,0.385,0.419,0.171,0.114,7,0.048,17,0.531,0.445,0.335,0.22,0.156,0.594,0.249,409,86.6,107.1,16.1,13,0.032,112,0.27399999999999997,0.239,0.32,0.29,1.69,0.27699999999999997,0.581,0.41200000000000003,0.715,0.905,0.8340000000000001,0.445,0.606,0.068,0.203,0.272,20.4,-1.3,2.9,3,-0.1,-1.7,1.85,-0.38,1.7,1.49,-0.04,-3.02,0.502,93.5,0.151,83.6,0.079,89.2,0.093,78.9,0.149,86.3,0.026000000000000002,85.6,11.3,9.1,4,4.4
Tim Anderson,CHW,123,493,524,121,100,18,2,1,52,25,26,0,122,3,2,0,15,13,2,0.245,0.05,0.233,0.21,0.286,0.296,0.582,0.051,5.2,0.323,0.7,-2.5,0.8,38,-25.6,0.26,60,3.62,0.22,0.611,0.16899999999999998,0.032,0.016,13,0.057,0,0,0.335,0.386,0.27899999999999997,0.129,0.59,0.282,373,87.8,109.6,2,11,0.028999999999999998,146,0.391,0.25,0.33,0.279,-1.19,0.386,0.726,0.535,0.6409999999999999,0.856,0.769,0.43799999999999994,0.6579999999999999,0.12300000000000001,0.14,0.263,-0.6,-18.3,-2.7,-1.4,-5,-1.2,-0.06,-3.4,-2.33,-1.14,-2.84,-3.46,0.49,93.4,0.27699999999999997,84.2,0.06,88.9,0.065,79.4,0.09,85,0.018000000000000002,85.1,-25.1,-1,-1.7,-0.5
Thairo Estrada,SFG,120,495,530,134,92,26,2,14,63,49,22,1,120,11,2,0,10,23,7,0.271,0.042,0.226,0.18,0.315,0.416,0.731,0.145,5.7,0.331,3,1.1,0.7,64,-0.9,0.316,101,1.26,0.21100000000000002,0.441,0.349,0.132,0.109,9,0.055,4,0.5710000000000001,0.47700000000000004,0.302,0.22,0.192,0.504,0.304,377,85.9,110.5,10.8,18,0.048,127,0.337,0.247,0.368,0.293,-1.72,0.4,0.6779999999999999,0.511,0.657,0.9209999999999999,0.7959999999999999,0.397,0.6579999999999999,0.10400000000000001,0.174,0.278,-1.5,-3.7,6.9,-4.2,1.7,-1.5,-0.17,-0.77,5.19,-2.05,1.05,-3.22,0.467,94.1,0.24600000000000002,84.8,0.07,88.4,0.107,80.5,0.083,85.1,0.024,85.3,0.6,4.8,13.7,3.9
Teoscar Hernandez,SEA,160,625,678,161,104,29,2,26,70,93,38,2,211,8,7,0,6,7,2,0.258,0.055999999999999994,0.311,0.18,0.305,0.435,0.741,0.178,3.7,0.342,-4.1,1.8,-0.6,82,-1.1,0.317,105,1.16,0.195,0.43200000000000005,0.373,0.076,0.166,16,0.088,0,0,0.382,0.363,0.254,0.157,0.444,0.39899999999999997,421,91.3,112.6,12.3,58,0.138,208,0.494,0.257,0.471,0.336,-1.61,0.385,0.7490000000000001,0.536,0.498,0.7909999999999999,0.669,0.41600000000000004,0.652,0.17800000000000002,0.141,0.318,14.2,-10.4,-3.6,-2.8,6.5,-1.1,1.3,-1.24,-1.78,-1.16,2.96,-1.25,0.408,93.9,0.312,84.5,0.076,88.8,0.091,80.4,0.082,85.3,0.031,85.8,3.8,-2.9,2.6,1.7
Steven Kwan,CLE,158,638,718,171,123,36,7,5,93,54,70,2,75,3,6,1,9,21,3,0.268,0.097,0.10400000000000001,0.93,0.34,0.37,0.71,0.102,6.3,0.294,0,0.1,1.4,84,-3.2,0.313,100,1.51,0.253,0.45,0.297,0.072,0.03,14,0.055,3,0.375,0.3,0.386,0.314,0.132,0.684,0.184,570,86,105.2,10.7,6,0.011000000000000001,107,0.188,0.282,0.356,0.318,0.84,0.248,0.604,0.41,0.797,0.956,0.904,0.455,0.62,0.039,0.22,0.259,0.5,-1.5,-0.6,0,1.7,1,0.03,-0.36,-0.28,0,0.69,1.54,0.581,93.2,0.14800000000000002,84.5,0.076,89.4,0.087,80.1,0.088,86.2,0.022000000000000002,86.6,0.1,1.5,10.3,2.9
Spencer Torkelson,DET,159,606,684,141,75,34,1,31,88,94,67,1,171,6,5,0,15,3,0,0.233,0.098,0.25,0.39,0.313,0.446,0.758,0.213,3.3,0.269,1.7,-0.5,-0.5,88,4.2,0.326,107,0.74,0.18600000000000003,0.345,0.46799999999999997,0.136,0.15,12,0.079,0,0,0.47700000000000004,0.284,0.239,0.159,0.44299999999999995,0.39799999999999996,440,91.8,112.7,17.1,62,0.141,222,0.504,0.251,0.48,0.349,-1.34,0.27699999999999997,0.7020000000000001,0.46299999999999997,0.621,0.855,0.7759999999999999,0.43700000000000006,0.605,0.10300000000000001,0.166,0.26899999999999996,6.5,0.7,-0.9,4.2,-5.3,-0.8,0.5,0.1,-0.56,1.75,-1.61,-1.82,0.465,94,0.26,84.5,0.055,88.5,0.086,80.5,0.11800000000000001,85,0.016,87.9,5.3,0.7,-3.1,1.4
Spencer Steer,CIN,156,582,665,158,95,37,3,23,74,86,68,0,139,11,4,0,9,15,3,0.271,0.102,0.209,0.49,0.356,0.464,0.82,0.192,4.7,0.318,0.4,0.9,0.4,101,20.1,0.355,118,0.88,0.195,0.376,0.43,0.135,0.12,12,0.071,0,0,0.436,0.322,0.242,0.166,0.512,0.322,447,88.7,110.6,15.3,30,0.067,166,0.371,0.25,0.409,0.331,-1.37,0.27699999999999997,0.6509999999999999,0.43799999999999994,0.659,0.853,0.7829999999999999,0.43200000000000005,0.595,0.095,0.187,0.282,-0.8,13.5,-0.5,3,6,-0.8,-0.05,2.44,-0.27,1.42,2.77,-1.68,0.5479999999999999,93.8,0.207,84.5,0.068,88.3,0.079,78.7,0.081,85,0.017,86.5,14.8,1.7,-12,2.1
Shohei Ohtani,LAA,135,497,599,151,73,26,8,44,102,95,91,21,143,3,3,0,9,20,6,0.304,0.152,0.239,0.64,0.412,0.654,1.066,0.35,6.6,0.342,1.7,1.4,0.3,130,57.3,0.433,180,1.07,0.182,0.423,0.395,0.057,0.312,11,0.073,0,0,0.389,0.361,0.249,0.098,0.473,0.429,362,94.4,118.6,13.2,70,0.193,193,0.5329999999999999,0.294,0.634,0.428,-2.08,0.33299999999999996,0.7070000000000001,0.48,0.565,0.8140000000000001,0.7090000000000001,0.39299999999999996,0.5710000000000001,0.139,0.125,0.264,28,6.6,7,5.5,6.5,1.3,3,1.23,3.22,3.1,1.85,1.22,0.40299999999999997,94.6,0.231,85.1,0.093,89.9,0.076,80,0.152,86.6,0.045,86.8,57.1,3.4,0,6.6
Seiya Suzuki,CHC,138,515,583,147,90,31,6,20,75,74,59,3,130,2,7,0,8,6,7,0.285,0.10099999999999999,0.223,0.45,0.357,0.485,0.842,0.2,4.5,0.341,-1.5,1,-2.9,90,19.4,0.358,126,1.25,0.22399999999999998,0.431,0.344,0.081,0.14800000000000002,19,0.11199999999999999,0,0,0.39799999999999996,0.37799999999999995,0.22399999999999998,0.14,0.48200000000000004,0.37799999999999995,392,91.4,114.6,10.8,41,0.105,188,0.48,0.282,0.468,0.358,-0.57,0.235,0.624,0.409,0.6859999999999999,0.865,0.8079999999999999,0.447,0.599,0.078,0.204,0.28300000000000003,3.6,11.3,0.5,2,-0.6,3.5,0.29,1.94,0.27,1.04,-0.23,11.16,0.49700000000000005,93.7,0.237,84.6,0.075,88.9,0.079,79,0.099,85.3,0.013000000000000001,87.2,19.1,-3.4,2.8,3.2
Salvador Perez,KCR,140,538,580,137,93,21,0,23,59,80,19,6,135,13,8,0,11,0,0,0.255,0.033,0.233,0.14,0.292,0.422,0.714,0.167,1.2,0.294,-2.8,0.2,-0.9,63,-7.9,0.302,86,0.89,0.22899999999999998,0.363,0.409,0.077,0.13699999999999998,4,0.027000000000000003,0,0,0.436,0.33299999999999996,0.231,0.165,0.47700000000000004,0.358,413,90.1,113.1,15.6,36,0.087,180,0.436,0.264,0.458,0.326,-0.96,0.495,0.775,0.601,0.602,0.8390000000000001,0.7170000000000001,0.37799999999999995,0.633,0.17,0.097,0.267,2.3,-5.9,-0.6,-4.1,0.7,-0.6,0.26,-0.99,-0.42,-2.04,0.41,-0.95,0.419,94.1,0.29,84.8,0.073,88.4,0.098,80.6,0.088,84.9,0.031,85.5,-9.6,-3.5,-10.9,-0.3
Ryan McMahon,COL,152,555,627,133,76,31,3,23,80,70,68,2,198,1,3,0,19,5,5,0.24,0.10800000000000001,0.316,0.34,0.322,0.431,0.753,0.191,3.9,0.326,-1.6,-2.1,-2.2,80,3.4,0.325,88,1.29,0.23199999999999998,0.433,0.335,0.017,0.192,12,0.077,1,0.5,0.34700000000000003,0.375,0.278,0.128,0.442,0.431,360,90.8,113.2,9.7,41,0.114,159,0.442,0.242,0.441,0.333,-0.29,0.301,0.69,0.47200000000000003,0.5870000000000001,0.762,0.7,0.441,0.616,0.142,0.155,0.297,1.3,-8.2,-2.9,6,1.2,1.9,0.09,-1.58,-1.54,2.7,0.41,2.98,0.525,93.9,0.19,84.5,0.069,89.8,0.082,79.7,0.11,86.1,0.024,86.5,-9.3,-5.9,3.9,1.2
Ronald Acuna Jr.,ATL,159,643,735,217,137,35,4,41,149,106,80,3,84,9,3,0,15,73,14,0.337,0.109,0.114,0.95,0.416,0.596,1.012,0.258,7.3,0.338,2.2,-1.6,7,156,66.7,0.428,170,1.63,0.201,0.495,0.304,0.047,0.24,23,0.083,0,0,0.397,0.35600000000000004,0.247,0.10099999999999999,0.43799999999999994,0.461,562,94.7,121.2,7.4,86,0.153,309,0.55,0.356,0.66,0.463,1.16,0.268,0.728,0.462,0.738,0.878,0.831,0.42200000000000004,0.589,0.078,0.13699999999999998,0.214,31.2,18.3,4.6,10.5,2.4,1.8,2.14,2.8,2.8,5.25,0.96,2.97,0.525,93.9,0.23399999999999999,85.1,0.059000000000000004,89.3,0.072,80.2,0.088,85.5,0.022000000000000002,85.5,64.1,7.6,-6.3,8.3
Randy Arozarena,TBR,151,551,654,140,95,19,3,23,95,83,80,1,156,18,5,0,10,22,10,0.254,0.122,0.239,0.51,0.364,0.425,0.789,0.171,5.6,0.31,2.2,0.9,-1.3,95,15.3,0.347,126,1.1,0.18100000000000002,0.43,0.389,0.11,0.14800000000000002,23,0.135,1,0.5,0.41,0.363,0.228,0.135,0.48,0.385,400,91.7,114.3,11.3,49,0.12300000000000001,192,0.48,0.242,0.436,0.352,-0.04,0.3,0.635,0.43,0.637,0.789,0.7240000000000001,0.39,0.604,0.11900000000000001,0.18600000000000003,0.305,22.1,-6.7,-1.4,-3.8,9.8,1.2,1.81,-0.88,-0.84,-1.84,3.88,1.96,0.456,94.3,0.285,85.1,0.065,89.3,0.078,80.7,0.094,85.2,0.022000000000000002,87,20.3,1.8,-3.1,3.3
Rafael Devers,BOS,153,580,656,157,90,34,0,33,90,100,62,10,126,11,3,0,15,5,1,0.271,0.095,0.192,0.49,0.351,0.5,0.851,0.229,3,0.292,-2,-1.2,-0.6,102,22.2,0.359,124,1.09,0.18,0.428,0.39299999999999996,0.10099999999999999,0.184,12,0.062,0,0,0.41100000000000003,0.348,0.24100000000000002,0.153,0.433,0.414,457,93.1,115,12.4,58,0.127,250,0.547,0.28,0.536,0.38,0,0.361,0.7909999999999999,0.525,0.708,0.7979999999999999,0.76,0.382,0.59,0.126,0.10400000000000001,0.23,6.9,8.1,4.8,1.6,-0.8,0.1,0.51,2.1,2.84,0.65,-0.25,0.11,0.524,94.2,0.149,84.5,0.065,88.5,0.095,80.7,0.127,86.2,0.04,87,18.7,-3.8,-7.8,3.1
Pete Alonso,NYM,154,568,658,123,54,21,2,46,92,118,65,6,151,21,4,0,17,4,1,0.217,0.099,0.22899999999999998,0.43,0.318,0.504,0.821,0.287,3.8,0.205,-0.7,-0.4,-0.7,95,14.9,0.346,121,0.77,0.157,0.366,0.47700000000000004,0.109,0.22899999999999998,7,0.045,0,0,0.444,0.325,0.23,0.16399999999999998,0.489,0.34700000000000003,421,89.5,115.7,18.2,62,0.147,168,0.39899999999999997,0.244,0.528,0.37,-0.68,0.302,0.6409999999999999,0.43700000000000006,0.647,0.846,0.764,0.39899999999999997,0.5870000000000001,0.10300000000000001,0.18100000000000002,0.284,8.7,5.1,2.1,-0.2,-1.6,-2.4,0.65,0.88,1.33,-0.1,-0.63,-4.81,0.516,93.6,0.226,84.8,0.06,88.5,0.077,80.4,0.10099999999999999,84.8,0.019,86.3,17.5,-1.8,1.6,2.8
Paul Goldschmidt,STL,154,593,687,159,103,31,0,25,89,80,87,6,161,3,3,0,12,11,2,0.268,0.127,0.23399999999999999,0.54,0.363,0.447,0.81,0.179,3.6,0.327,2.5,0.2,-0.1,102,18.1,0.35,122,1.1,0.21600000000000003,0.41100000000000003,0.37200000000000005,0.086,0.154,13,0.073,0,0,0.331,0.35200000000000004,0.317,0.14,0.478,0.382,436,91.3,111.7,12.8,52,0.11900000000000001,221,0.507,0.267,0.486,0.367,-0.73,0.29100000000000004,0.638,0.439,0.682,0.7979999999999999,0.754,0.42700000000000005,0.607,0.10800000000000001,0.18600000000000003,0.294,1.3,0.3,3.3,3.4,8.1,1,0.09,0.04,1.56,1.68,4.14,3.1,0.507,94,0.266,84.5,0.073,88.8,0.072,79,0.069,84.9,0.012,85.8,18.9,2.6,3.9,3.7
Ozzie Albies,ATL,148,596,660,167,99,30,5,33,96,109,46,2,107,8,8,0,9,13,1,0.28,0.07,0.162,0.43,0.336,0.513,0.849,0.233,5.9,0.289,2.6,0.8,1,102,21.9,0.358,124,0.89,0.19699999999999998,0.37799999999999995,0.425,0.066,0.156,9,0.048,0,0,0.545,0.302,0.153,0.115,0.519,0.366,499,88.7,110.7,16.5,41,0.082,194,0.389,0.266,0.468,0.342,0.85,0.38799999999999996,0.795,0.546,0.6970000000000001,0.9059999999999999,0.815,0.38799999999999996,0.568,0.1,0.099,0.19899999999999998,18.3,9.7,2.1,1.4,-4.7,-3.7,1.58,2.48,0.88,0.53,-1.09,-4.37,0.451,94,0.152,85.1,0.091,89.9,0.106,80.3,0.16699999999999998,85.9,0.033,86.1,19.6,4.4,-8.3,4
Orlando Arcia,ATL,139,488,533,129,87,25,0,17,66,65,39,0,102,3,3,0,14,1,0,0.264,0.073,0.191,0.38,0.321,0.42,0.741,0.156,2.3,0.301,0,-1.3,-0.8,66,1.3,0.321,99,1.82,0.16699999999999998,0.537,0.29600000000000004,0.087,0.14800000000000002,13,0.062,0,0,0.43200000000000005,0.342,0.226,0.198,0.486,0.316,389,88.2,109.4,5.4,27,0.069,159,0.409,0.246,0.398,0.309,0.26,0.287,0.688,0.461,0.643,0.8440000000000001,0.773,0.434,0.632,0.10400000000000001,0.17600000000000002,0.28,1.9,-7.9,0.8,4.2,2.1,-0.4,0.18,-1.38,0.54,2.35,1.26,-1.37,0.48700000000000004,93.9,0.27,84.9,0.066,89,0.083,80.3,0.079,85.7,0.015,86.5,-0.6,-2.1,1.1,2.3
Nolan Arenado,STL,144,560,612,149,95,26,2,26,71,93,41,5,101,3,8,0,21,3,3,0.266,0.067,0.165,0.41,0.315,0.459,0.774,0.193,2.9,0.279,0.2,-1.8,-1.7,79,4.5,0.327,107,0.96,0.20800000000000002,0.38799999999999996,0.405,0.14300000000000002,0.138,12,0.066,0,0,0.501,0.304,0.195,0.16699999999999998,0.495,0.33799999999999997,467,88.8,110.3,16.9,34,0.073,178,0.381,0.264,0.433,0.321,-0.16,0.368,0.6709999999999999,0.485,0.6890000000000001,0.919,0.812,0.38799999999999996,0.5820000000000001,0.091,0.16699999999999998,0.258,5.9,0.2,-4.5,2.1,-1.9,0.1,0.56,0.03,-2.37,1.31,-1,0.37,0.457,94,0.29,84.7,0.083,88.7,0.071,79.9,0.082,85.7,0.017,85,5.2,-3.3,3.4,2.6
Nico Hoerner,CHC,150,619,688,175,135,27,4,9,98,68,49,0,83,14,5,1,12,43,7,0.283,0.071,0.121,0.59,0.346,0.383,0.729,0.1,6.8,0.312,4.9,0.7,4.1,86,2.1,0.322,102,1.38,0.191,0.469,0.341,0.092,0.049,20,0.079,1,0.5,0.315,0.397,0.28800000000000003,0.19399999999999998,0.5720000000000001,0.23399999999999999,542,86.6,109.2,10.5,9,0.017,179,0.33,0.272,0.355,0.311,0.47,0.335,0.613,0.45399999999999996,0.807,0.9470000000000001,0.888,0.428,0.622,0.051,0.201,0.252,5.1,-1.4,1.1,1.3,1.8,0.1,0.4,-0.23,0.52,0.5,0.96,0.37,0.49700000000000005,93.5,0.23199999999999998,84.6,0.084,88.7,0.099,79.7,0.075,85.5,0.013000000000000001,86.2,1.7,9.7,9.4,4.7
Nick Castellanos,PHI,157,626,671,170,102,37,2,29,79,106,36,0,185,3,6,0,17,11,2,0.272,0.054000000000000006,0.276,0.19,0.311,0.476,0.788,0.204,4.4,0.337,-3.8,-1.2,0.3,91,9,0.335,109,1.12,0.21899999999999997,0.41200000000000003,0.369,0.067,0.17600000000000002,14,0.076,0,0,0.479,0.293,0.228,0.128,0.51,0.36200000000000004,447,88.9,111.2,14.4,46,0.10300000000000001,192,0.43,0.259,0.444,0.323,-0.1,0.428,0.777,0.562,0.496,0.815,0.6659999999999999,0.385,0.6920000000000001,0.187,0.113,0.301,4.9,12,-0.1,-4.5,-4.7,-1.9,0.47,1.77,-0.08,-2.23,-1.58,-2.92,0.42700000000000005,93.8,0.27899999999999997,84.6,0.061,88.9,0.084,79.9,0.122,85.3,0.027000000000000003,85.6,7.4,-4.7,-8.4,1
Nathaniel Lowe,TEX,161,623,724,163,105,38,3,17,89,82,93,2,165,5,3,0,22,1,0,0.262,0.128,0.228,0.56,0.36,0.414,0.775,0.152,3,0.329,-4.8,-1.9,-1.3,101,13.2,0.34,114,1.59,0.223,0.47700000000000004,0.299,0.065,0.12300000000000001,13,0.059000000000000004,0,0,0.29100000000000004,0.401,0.308,0.163,0.47700000000000004,0.36,461,89.8,111.2,7.2,30,0.065,191,0.414,0.26,0.4,0.337,-0.09,0.26,0.685,0.43799999999999994,0.675,0.8959999999999999,0.82,0.419,0.565,0.079,0.16399999999999998,0.243,-3.7,0.2,4,1.2,6.8,0.9,-0.22,0.03,2.13,0.39,2.78,1.34,0.556,94.3,0.175,84.8,0.062,89.3,0.10400000000000001,79.6,0.08,86.1,0.023,87.7,12.5,-8,4.4,2.1
Myles Straw,CLE,147,462,518,110,88,18,3,1,52,29,42,0,97,2,6,6,10,20,6,0.238,0.081,0.187,0.43,0.301,0.297,0.597,0.058,5.9,0.295,3.3,0.4,0.5,42,-21.5,0.268,69,1.54,0.221,0.473,0.306,0.08,0.009,15,0.087,2,0.182,0.247,0.401,0.353,0.172,0.647,0.18,377,86.3,106.2,9.4,2,0.005,87,0.231,0.241,0.301,0.275,-1.41,0.271,0.62,0.43799999999999994,0.8220000000000001,0.914,0.884,0.478,0.629,0.051,0.214,0.265,-19.7,-2.4,-0.3,1.1,-0.2,-0.8,-1.65,-0.54,-0.23,0.86,-0.31,-9.24,0.601,93.2,0.22399999999999998,84,0.072,88.6,0.063,79.2,0.036000000000000004,83.1,0.005,85.3,-19.1,4.2,-1.2,0.4
Mookie Betts,LAD,152,584,693,179,99,40,1,39,126,107,96,3,107,8,5,0,5,14,3,0.307,0.139,0.154,0.9,0.408,0.579,0.987,0.272,4.5,0.316,2.3,1.2,0,141,56.5,0.416,167,0.57,0.237,0.278,0.485,0.09,0.16699999999999998,9,0.067,0,0,0.46299999999999997,0.355,0.183,0.1,0.49,0.41100000000000003,482,92.4,110.1,20.6,60,0.125,232,0.48100000000000004,0.295,0.565,0.411,-0.72,0.2,0.63,0.381,0.643,0.9390000000000001,0.8490000000000001,0.42100000000000004,0.595,0.057,0.205,0.262,34.6,10,2.9,7.5,4.4,0,2.47,1.57,1.39,4.02,1.94,0.04,0.517,94,0.235,84.9,0.077,88.9,0.069,79.8,0.083,86,0.018000000000000002,88,57.3,3.5,0.7,8.3
MJ Melendez,KCR,148,533,602,125,75,29,5,16,65,56,62,2,170,3,4,0,4,6,4,0.235,0.10300000000000001,0.282,0.36,0.316,0.398,0.713,0.163,4.5,0.311,-0.9,1.6,-1.6,69,-4.1,0.31,92,0.83,0.204,0.36,0.436,0.05,0.1,8,0.061,0,0,0.45799999999999996,0.324,0.218,0.071,0.51,0.42,367,93.2,113.2,16.9,42,0.114,182,0.496,0.233,0.428,0.325,0.49,0.298,0.7240000000000001,0.478,0.5429999999999999,0.768,0.687,0.423,0.645,0.149,0.157,0.306,2,-3.6,0.9,-2.1,1.8,0.4,0.17,-0.78,0.57,-0.74,0.65,0.43,0.48100000000000004,94.1,0.191,84.2,0.065,89.3,0.115,80.3,0.113,85.7,0.036000000000000004,85.7,-5.9,-0.9,-7.5,0
Michael Harris II,ATL,138,505,539,148,94,33,3,18,76,57,25,1,101,5,3,1,8,20,4,0.293,0.046,0.187,0.25,0.331,0.477,0.808,0.184,6.1,0.334,1.8,0.7,1.4,77,11.8,0.345,115,1.54,0.222,0.47200000000000003,0.306,0.055999999999999994,0.145,6,0.031,2,0.667,0.358,0.37,0.272,0.16699999999999998,0.45799999999999996,0.375,408,90.9,113.9,7.6,41,0.10099999999999999,198,0.485,0.301,0.484,0.355,0.13,0.41600000000000004,0.682,0.527,0.6829999999999999,0.862,0.78,0.418,0.623,0.11599999999999999,0.158,0.27399999999999997,2,13.6,0.6,-0.6,-4.7,0.6,0.21,3.77,0.38,-0.36,-1.94,1.32,0.49200000000000005,93.9,0.184,84.6,0.085,89.8,0.091,80.1,0.124,86.1,0.024,86.4,9.9,3.9,5.6,4
Max Muncy,LAD,135,482,579,102,48,17,1,36,95,105,85,4,153,6,6,0,8,1,2,0.212,0.147,0.264,0.56,0.333,0.475,0.808,0.263,2.9,0.221,1.9,0.7,-1.7,83,12.4,0.344,118,0.68,0.17300000000000001,0.33399999999999996,0.493,0.133,0.218,5,0.045,0,0,0.531,0.284,0.185,0.134,0.49,0.376,335,91.2,111.1,21.7,49,0.146,154,0.46,0.234,0.502,0.365,0.17,0.26,0.596,0.392,0.578,0.8140000000000001,0.7190000000000001,0.39299999999999996,0.584,0.11,0.198,0.308,6.2,2.1,-0.2,1.5,3.5,-0.6,0.59,0.41,-0.12,0.4,1.21,-0.86,0.42200000000000004,93.7,0.212,84.4,0.074,89.6,0.15,79.5,0.11599999999999999,86.1,0.026000000000000002,86.6,13.1,0.9,-5.8,2.9
Matt Vierling,DET,134,479,530,125,89,21,5,10,63,44,44,1,112,5,1,1,8,6,6,0.261,0.083,0.21100000000000002,0.39,0.329,0.388,0.717,0.127,4.7,0.321,1.6,0.1,-2.4,63,-1.7,0.315,99,1.58,0.207,0.485,0.308,0.106,0.088,10,0.055999999999999994,0,0,0.33899999999999997,0.33299999999999996,0.32799999999999996,0.187,0.48200000000000004,0.331,369,89.1,113,9.1,17,0.046,155,0.42,0.266,0.396,0.323,-0.75,0.306,0.613,0.442,0.7340000000000001,0.9009999999999999,0.836,0.441,0.642,0.072,0.214,0.28600000000000003,-3.5,3.9,-1.8,0.3,1.4,0.1,-0.32,0.77,-1.35,0.18,0.8,0.24,0.522,93.9,0.237,84.4,0.062,88.6,0.083,79.8,0.079,84.5,0.016,87.3,-0.8,-0.7,-2.1,1.2
Matt Olson,ATL,162,608,720,172,88,27,3,54,127,139,104,8,167,4,4,0,13,1,0,0.283,0.14400000000000002,0.23199999999999998,0.62,0.389,0.604,0.993,0.321,3.1,0.302,2.3,0.4,-1.2,144,56.4,0.413,160,0.89,0.17800000000000002,0.387,0.436,0.031,0.278,5,0.028999999999999998,0,0,0.382,0.373,0.245,0.11199999999999999,0.46299999999999997,0.425,445,93.7,118.6,16.1,73,0.16399999999999998,245,0.551,0.263,0.561,0.394,-0.6,0.295,0.735,0.46799999999999997,0.695,0.777,0.746,0.395,0.556,0.11900000000000001,0.13,0.249,29.4,7.8,3.4,-0.7,11,3.2,1.92,1.31,1.3,-0.27,2.83,4.38,0.496,94.1,0.191,84.5,0.084,89.6,0.079,80.6,0.126,86.3,0.024,86.4,53.9,1.5,-0.9,6.7
Matt Chapman,TOR,140,509,581,122,64,39,2,17,66,54,62,1,165,8,2,0,4,4,2,0.24,0.107,0.284,0.38,0.33,0.424,0.755,0.185,3.7,0.319,1.3,2,-1.1,76,4.8,0.328,110,0.71,0.156,0.35,0.494,0.146,0.099,12,0.099,0,0,0.39299999999999996,0.373,0.23399999999999999,0.162,0.436,0.402,346,93.5,114.3,18.5,59,0.171,194,0.561,0.229,0.457,0.339,-1.7,0.225,0.6920000000000001,0.433,0.598,0.7829999999999999,0.73,0.446,0.606,0.11699999999999999,0.177,0.294,4.7,-0.3,-4,-2.2,6.3,2.4,0.36,-0.06,-2.11,-0.98,4.57,6.87,0.525,94.3,0.23600000000000002,84.5,0.078,88.5,0.091,80.1,0.055999999999999994,84.9,0.013999999999999999,86.3,7,2.2,3.8,3.5
Masataka Yoshida,BOS,140,537,580,155,104,33,3,15,71,72,34,0,81,7,2,0,20,8,0,0.289,0.059000000000000004,0.14,0.42,0.338,0.445,0.783,0.156,4.9,0.316,-2.8,-2.7,0.5,80,9.7,0.339,109,2.03,0.18600000000000003,0.546,0.26899999999999996,0.081,0.122,22,0.088,0,0,0.365,0.35200000000000004,0.284,0.19,0.515,0.295,458,89,112.3,3.9,30,0.066,186,0.406,0.269,0.419,0.324,-1.45,0.293,0.599,0.433,0.7340000000000001,0.887,0.831,0.45799999999999996,0.597,0.073,0.212,0.285,13,-4,-3.6,0.6,2.5,0.7,1.23,-0.99,-2.18,0.24,0.85,1.59,0.48,93.2,0.183,84.6,0.076,89.3,0.107,80,0.132,86.1,0.021,86.8,6.6,-5,-6.8,0.6
Mark Canha,MIL,139,435,507,114,77,25,1,11,51,62,49,1,79,17,6,0,11,11,1,0.262,0.097,0.156,0.62,0.355,0.4,0.755,0.138,4.4,0.293,0.9,-0.7,0.7,68,6.1,0.333,111,1.12,0.157,0.445,0.39799999999999996,0.139,0.076,8,0.05,0,0,0.439,0.348,0.213,0.188,0.506,0.307,362,87.9,109.4,13.1,17,0.047,133,0.36700000000000005,0.246,0.377,0.322,1.44,0.267,0.611,0.415,0.715,0.895,0.8290000000000001,0.43200000000000005,0.647,0.071,0.22,0.29100000000000004,5.9,-2.2,-3.6,0.7,2.9,1.3,0.55,-0.45,-2.72,0.34,1.46,6.5,0.508,93.5,0.22899999999999998,84.6,0.063,87.6,0.094,79.4,0.095,85.5,0.01,87.7,6.9,0.9,-1.2,1.6
Marcus Semien,TEX,162,670,753,185,112,40,4,29,122,100,72,1,110,5,5,0,5,14,3,0.276,0.096,0.146,0.65,0.348,0.478,0.826,0.201,5.5,0.291,1,1.4,0.1,114,22.4,0.354,124,0.73,0.196,0.33799999999999997,0.465,0.076,0.11,19,0.099,0,0,0.494,0.304,0.20199999999999999,0.131,0.525,0.344,566,88.4,108.6,19.1,37,0.065,208,0.368,0.263,0.426,0.335,-1.53,0.253,0.77,0.47100000000000003,0.662,0.912,0.8340000000000001,0.42100000000000004,0.608,0.078,0.146,0.22399999999999998,9.5,13.8,3.6,3.5,0.7,2.1,0.74,1.89,1.63,1.74,0.25,3.13,0.461,94,0.26,85,0.079,88.1,0.072,79.7,0.10400000000000001,84.9,0.024,86.8,21.8,2.5,10.9,6.3
Marcell Ozuna,ATL,144,530,592,145,75,29,1,40,84,100,57,1,134,3,2,0,9,0,0,0.274,0.096,0.226,0.43,0.346,0.558,0.905,0.285,1.7,0.293,-0.2,0.8,-1,103,30.8,0.381,139,0.98,0.196,0.397,0.40700000000000003,0.105,0.247,6,0.038,0,0,0.43200000000000005,0.28600000000000003,0.281,0.131,0.455,0.415,398,91.8,115.3,15.6,66,0.166,195,0.49,0.284,0.583,0.4,-1.1,0.325,0.718,0.485,0.595,0.851,0.7490000000000001,0.405,0.6,0.122,0.14400000000000002,0.266,21.7,5.5,4.1,2.2,-0.1,1.1,2.01,0.89,2.91,0.81,-0.03,3.01,0.456,93.9,0.263,84.7,0.06,88.9,0.11199999999999999,80.7,0.093,86.1,0.016,85.7,28.7,-0.4,-0.3,3.3
Manny Machado,SDP,138,543,601,140,89,21,0,30,75,91,50,1,109,2,6,0,20,3,2,0.258,0.083,0.18100000000000002,0.46,0.319,0.462,0.782,0.204,2.3,0.268,-0.7,-1.5,-1.3,81,7.7,0.334,114,0.9,0.152,0.402,0.445,0.14800000000000002,0.153,14,0.079,0,0,0.384,0.35,0.266,0.166,0.475,0.359,440,91,114.5,15,46,0.105,202,0.45899999999999996,0.251,0.455,0.332,-0.95,0.32,0.727,0.493,0.637,0.8590000000000001,0.7759999999999999,0.424,0.622,0.11,0.147,0.257,-0.2,5.8,-1.3,-1.2,2.7,-3.8,-0.02,1.01,-0.91,-0.69,1.74,-7.4,0.516,94.1,0.254,84.7,0.064,89,0.075,80,0.068,85.8,0.022000000000000002,86.4,10.6,-3.5,9.3,3.5
Maikel Garcia,KCR,123,464,515,126,98,20,4,4,59,50,38,0,115,2,10,1,9,23,7,0.272,0.074,0.223,0.33,0.323,0.358,0.681,0.086,6.3,0.344,-0.7,-0.7,0.6,54,-8.4,0.299,84,1.76,0.24600000000000002,0.48,0.27399999999999997,0.102,0.040999999999999995,12,0.07,1,0.5,0.331,0.39399999999999996,0.275,0.139,0.489,0.37200000000000005,360,91.8,110,6.1,14,0.039,182,0.506,0.27,0.387,0.318,-0.44,0.244,0.657,0.429,0.698,0.877,0.82,0.447,0.645,0.077,0.204,0.281,-5.2,-4.1,0.2,-2.4,4.9,0.5,-0.5,-0.89,0.1,-1.57,4.09,1.18,0.528,94.3,0.233,84.9,0.081,88.4,0.077,80.9,0.06,84.7,0.021,85.7,-9.9,-0.8,11.1,1.9
Luis Robert Jr.,CHW,145,546,595,144,69,36,1,38,90,80,30,5,172,12,2,0,10,20,4,0.264,0.05,0.289,0.17,0.315,0.542,0.857,0.278,5.7,0.314,-0.9,1.4,1.5,92,19.6,0.358,128,0.83,0.19699999999999998,0.364,0.439,0.091,0.23,14,0.102,0,0,0.46799999999999997,0.303,0.22899999999999998,0.18899999999999997,0.47600000000000003,0.335,381,89.1,113.6,16.1,58,0.152,159,0.41700000000000004,0.259,0.516,0.35,0.23,0.433,0.799,0.58,0.518,0.8190000000000001,0.685,0.40299999999999997,0.6890000000000001,0.183,0.10800000000000001,0.29100000000000004,7.3,4.5,5.4,-0.2,1.3,-0.1,0.78,0.67,3.42,-0.14,0.59,-0.14,0.43,93.9,0.306,84.3,0.072,88.4,0.07,80.1,0.097,85.4,0.025,86.4,20.2,2,5.5,5
Luis Arraez,MIA,147,574,617,203,160,30,3,10,71,69,35,10,34,4,3,1,18,3,2,0.354,0.057,0.055,1.03,0.393,0.469,0.861,0.115,2.9,0.362,0.3,-1.2,-1.7,101,25.9,0.369,132,1.5,0.285,0.429,0.287,0.006,0.065,5,0.022000000000000002,1,0.33299999999999996,0.29600000000000004,0.392,0.313,0.099,0.603,0.298,544,88.3,104,11.5,19,0.035,137,0.252,0.325,0.453,0.353,-0.8,0.35700000000000004,0.688,0.508,0.914,0.953,0.938,0.45399999999999996,0.601,0.031,0.16899999999999998,0.2,8.8,1,-0.4,6.4,4,1.9,0.72,0.34,-0.21,3.25,1.76,4.4,0.565,93.9,0.138,84.7,0.082,89.7,0.091,80.4,0.10400000000000001,86.1,0.02,87.3,24.5,-2.6,-9.6,3.4
Lourdes Gurriel Jr.,ARI,145,551,592,144,83,35,2,24,65,82,33,1,103,6,2,0,20,5,0,0.261,0.055999999999999994,0.174,0.32,0.309,0.463,0.772,0.201,3.9,0.282,-1.1,-2.2,0.1,78,5.4,0.329,106,1.21,0.213,0.431,0.35600000000000004,0.069,0.15,11,0.057,0,0,0.4,0.349,0.251,0.142,0.46399999999999997,0.39299999999999996,450,89.7,108.9,10.6,38,0.084,207,0.46,0.262,0.439,0.326,0.22,0.33399999999999996,0.7,0.49,0.6990000000000001,0.9229999999999999,0.835,0.426,0.622,0.081,0.16899999999999998,0.249,-4.9,-0.7,-2.3,1.4,7.5,-0.7,-0.43,-0.13,-1.74,0.99,3.24,-2.17,0.515,93.8,0.242,84.7,0.06,88.5,0.062,79.6,0.105,84.5,0.013999999999999999,85.4,4.2,-3.2,9.5,2.1
Leody Taveras,TEX,143,511,554,136,88,31,3,14,67,67,35,0,117,1,4,3,3,14,4,0.266,0.063,0.21100000000000002,0.3,0.312,0.421,0.733,0.155,5.3,0.318,1.5,2,0.2,66,-1.1,0.316,98,1.31,0.221,0.442,0.337,0.09,0.10400000000000001,8,0.045,0,0,0.302,0.39899999999999997,0.299,0.14,0.544,0.317,401,90.1,112.2,10.2,29,0.072,170,0.424,0.27,0.405,0.32,-1.14,0.32299999999999995,0.716,0.491,0.621,0.8690000000000001,0.775,0.42700000000000005,0.626,0.11,0.153,0.263,2.8,3,-0.4,-6.4,2.4,2.4,0.27,0.98,-0.27,-2.74,0.7,3.39,0.483,93.9,0.145,84.2,0.067,89.1,0.111,79.3,0.161,85.8,0.034,85.3,-1.6,3.7,0,2.3
Lars Nootbaar,STL,117,426,503,111,73,23,1,14,74,46,72,2,99,1,3,1,7,11,1,0.261,0.14300000000000002,0.19699999999999998,0.73,0.367,0.418,0.784,0.157,4.9,0.307,1.3,0.2,0.7,72,10.8,0.344,118,1.58,0.18899999999999997,0.49700000000000005,0.314,0.087,0.136,7,0.043,1,0.33299999999999996,0.34700000000000003,0.408,0.245,0.14800000000000002,0.489,0.363,331,89.1,112.2,7.2,29,0.088,125,0.37799999999999995,0.263,0.435,0.357,-0.4,0.204,0.545,0.353,0.723,0.8909999999999999,0.836,0.43799999999999994,0.545,0.057999999999999996,0.237,0.295,15.4,-9,7.2,3.4,-2.5,-0.5,1.62,-2.12,4.3,2,-0.82,-0.92,0.46,93.8,0.204,84.2,0.081,89,0.083,79.7,0.14400000000000002,86.5,0.027000000000000003,86.4,11.4,2.2,2.8,3.2
Lane Thomas,WSN,157,628,682,168,101,36,3,28,101,86,36,0,176,11,7,0,5,20,5,0.268,0.053,0.258,0.2,0.315,0.468,0.783,0.201,6,0.325,3.2,1.9,0.7,92,8.8,0.334,109,1.18,0.187,0.44,0.373,0.094,0.16399999999999998,19,0.094,0,0,0.512,0.29600000000000004,0.192,0.192,0.455,0.353,459,88.5,111.4,10.8,44,0.096,186,0.405,0.254,0.433,0.319,0.49,0.306,0.621,0.436,0.644,0.897,0.7929999999999999,0.413,0.603,0.09,0.2,0.29,12.7,3.6,-4.3,-0.1,3.3,-0.1,0.95,0.58,-2.13,-0.06,1.62,-0.4,0.512,93.9,0.23800000000000002,84.6,0.077,88.8,0.081,79.3,0.078,84.9,0.013000000000000001,84.5,7.3,5.8,-2.6,2.7
LaMonte Wade Jr.,SFG,135,429,519,110,77,14,2,17,64,45,76,3,95,6,4,4,4,2,0,0.256,0.146,0.183,0.8,0.373,0.417,0.79,0.161,3.4,0.29,-1,1.6,-0.8,76,12.4,0.347,122,0.92,0.207,0.38,0.413,0.145,0.12300000000000001,7,0.055,3,0.375,0.433,0.316,0.251,0.161,0.516,0.32299999999999995,342,88.3,111.5,17.5,31,0.091,136,0.39799999999999996,0.262,0.449,0.362,-0.35,0.20600000000000002,0.652,0.39,0.608,0.892,0.804,0.41200000000000003,0.588,0.077,0.18899999999999997,0.265,14.7,-1.2,3,2.5,-1.4,-3.2,1.4,-0.39,1.84,1.34,-0.46,-4.54,0.5,93.8,0.15,84.9,0.079,89.7,0.089,80.6,0.147,86,0.034,85.7,13.9,-0.2,-2.3,2.1
Kyle Tucker,HOU,157,574,674,163,92,37,5,29,97,112,80,9,92,3,10,0,11,30,5,0.284,0.11900000000000001,0.136,0.87,0.369,0.517,0.886,0.233,6.4,0.289,4.4,-0.2,2.6,112,30,0.372,140,0.9,0.191,0.384,0.425,0.062,0.139,9,0.048,0,0,0.449,0.32899999999999996,0.222,0.11800000000000001,0.494,0.38799999999999996,499,90.2,110.1,14.8,52,0.10400000000000001,222,0.445,0.288,0.528,0.387,0.86,0.259,0.731,0.465,0.696,0.904,0.8390000000000001,0.43700000000000006,0.616,0.075,0.133,0.20800000000000002,18.8,14,0.4,2.2,-1.6,1.3,1.56,2.71,0.21,1,-0.5,1.47,0.47,94.3,0.201,84.5,0.082,89.7,0.087,80.6,0.125,86.3,0.034,86.6,32.1,6.8,-5.1,4.9
Kyle Schwarber,PHI,160,585,720,115,48,19,1,47,108,104,126,5,215,6,3,0,4,0,2,0.197,0.175,0.299,0.59,0.343,0.474,0.817,0.277,2.2,0.209,-0.8,2.2,-2.2,107,19,0.35,119,0.7,0.161,0.344,0.495,0.158,0.255,1,0.008,0,0,0.539,0.314,0.147,0.172,0.43700000000000006,0.391,373,92.4,115.2,19,61,0.16399999999999998,181,0.485,0.219,0.485,0.365,-0.02,0.24100000000000002,0.573,0.375,0.542,0.802,0.7020000000000001,0.40399999999999997,0.569,0.11199999999999999,0.203,0.314,12.3,-6.4,3.5,6.2,5.2,-0.6,0.86,-0.92,1.29,2.39,1.49,-0.77,0.465,93.6,0.225,83.9,0.088,89.2,0.085,79.7,0.113,86.6,0.023,87.1,17.2,-0.8,-15.9,1.4
Ketel Marte,ARI,150,569,650,157,97,26,9,25,94,82,71,2,109,5,5,0,16,8,2,0.276,0.109,0.168,0.65,0.358,0.485,0.844,0.209,5.8,0.3,-1.6,-1,-0.6,102,22.9,0.361,127,1.24,0.19,0.44799999999999995,0.36200000000000004,0.11900000000000001,0.149,16,0.077,1,1,0.441,0.344,0.215,0.142,0.475,0.38299999999999995,465,91.1,117.1,10.7,37,0.08,199,0.428,0.266,0.424,0.342,-0.08,0.27699999999999997,0.701,0.45399999999999996,0.67,0.89,0.812,0.418,0.602,0.085,0.157,0.242,12.8,12.7,-5.1,3.2,-1.4,0.9,1.17,2.79,-1.94,1.36,-0.39,1.18,0.439,93.6,0.182,84.4,0.106,89,0.095,79.6,0.146,85.5,0.031,86.6,21.6,-3.2,0.2,4.2
Keibert Ruiz,WSN,136,523,562,136,94,24,0,18,55,67,31,1,58,6,2,0,13,1,1,0.26,0.055,0.10300000000000001,0.53,0.308,0.409,0.717,0.149,1.6,0.263,-5.7,-0.5,-1.2,65,-3.7,0.31,93,0.98,0.223,0.385,0.392,0.158,0.098,7,0.039,0,0,0.45799999999999996,0.33799999999999997,0.203,0.193,0.503,0.304,467,87.4,110.1,15.2,27,0.057999999999999996,148,0.317,0.272,0.42,0.322,0.34,0.39399999999999996,0.67,0.511,0.784,0.94,0.87,0.42200000000000004,0.601,0.066,0.163,0.22899999999999998,4.4,1.1,-1.5,-4.1,-1.2,-3.1,0.58,0.31,-1.02,-1.5,-0.42,-5.37,0.40299999999999997,94,0.183,84.2,0.079,90.5,0.14400000000000002,79.7,0.159,85.6,0.03,86.4,-5,-7.4,-14.1,0
Ke'Bryan Hayes,PIT,124,494,525,134,81,31,7,15,65,61,28,1,104,0,3,0,11,10,6,0.271,0.053,0.198,0.27,0.309,0.453,0.762,0.182,5.7,0.315,-0.6,0.5,-1.4,67,2.5,0.324,101,1.07,0.191,0.418,0.39,0.072,0.098,12,0.073,1,1,0.31,0.374,0.316,0.102,0.529,0.369,393,92.2,113.1,13.2,29,0.074,190,0.484,0.269,0.433,0.322,-0.19,0.33299999999999996,0.627,0.455,0.6559999999999999,0.924,0.81,0.41600000000000004,0.613,0.086,0.20199999999999999,0.289,1.6,-1.2,0.1,3.6,-4.3,1.9,0.17,-0.25,0.08,2.95,-2.37,5.17,0.491,93.5,0.261,84.7,0.073,89.6,0.063,79.8,0.093,84.9,0.019,85.2,0.7,-1.5,13.9,3.3
Justin Turner,BOS,146,558,626,154,100,31,0,23,86,96,51,0,110,11,6,0,10,4,1,0.276,0.081,0.17600000000000002,0.46,0.345,0.455,0.8,0.179,3.1,0.304,-2.8,0.2,-0.9,90,14.2,0.346,114,0.86,0.22899999999999998,0.35700000000000004,0.414,0.074,0.122,12,0.074,0,0,0.41,0.326,0.264,0.126,0.568,0.306,454,89.5,108.2,16.5,26,0.057,177,0.39,0.259,0.443,0.336,1.01,0.29600000000000004,0.6509999999999999,0.45,0.732,0.91,0.843,0.434,0.607,0.07,0.182,0.252,2,0.5,-1.9,9.6,5,2.4,0.13,0.09,-1.13,4.93,3.07,3.95,0.562,94.1,0.218,84.8,0.064,88.7,0.073,80.3,0.061,85.1,0.023,86.4,10.8,-3.5,-3.7,1.2
Jurickson Profar,SDP,125,459,521,111,73,27,2,9,55,46,50,0,90,6,5,0,11,1,0,0.242,0.096,0.17300000000000001,0.56,0.321,0.368,0.689,0.126,2.9,0.279,-1.3,-0.9,-0.8,57,-6,0.304,76,1.08,0.22699999999999998,0.401,0.37200000000000005,0.14400000000000002,0.065,3,0.02,0,0,0.447,0.337,0.217,0.195,0.473,0.332,375,86.5,108.8,14.8,15,0.04,119,0.317,0.245,0.344,0.305,0.26,0.27699999999999997,0.7240000000000001,0.47100000000000003,0.664,0.897,0.8190000000000001,0.434,0.633,0.085,0.151,0.23600000000000002,4.7,-4.9,-3.6,2.2,-3.6,-0.9,0.47,-1.31,-1.81,1.29,-1.19,-2.27,0.48,93.9,0.17800000000000002,84.7,0.096,89.6,0.082,80.2,0.145,86,0.019,86.3,-15.4,-3,-12.8,-2
Julio Rodriguez,SEA,155,654,714,180,109,37,2,32,102,103,47,6,175,11,2,0,14,37,10,0.275,0.066,0.245,0.27,0.333,0.485,0.818,0.209,6,0.33,4.5,0.6,1.9,104,17.2,0.347,126,1.4,0.185,0.47600000000000003,0.33899999999999997,0.061,0.196,29,0.127,0,0,0.42,0.34299999999999997,0.237,0.141,0.47200000000000003,0.387,481,92.7,116.7,8.5,57,0.11900000000000001,250,0.52,0.275,0.473,0.346,-0.96,0.41,0.73,0.5379999999999999,0.589,0.851,0.732,0.402,0.63,0.14400000000000002,0.128,0.272,7.5,2.8,2.2,2.9,3.4,0,0.63,0.43,1.48,1.47,1.46,-0.04,0.47600000000000003,94,0.256,84.6,0.06,89.1,0.078,80.7,0.092,85.7,0.039,86.4,22.4,7,3.1,5.9
Juan Soto,SDP,162,568,708,156,88,32,1,35,97,109,132,11,129,2,5,1,18,12,5,0.275,0.18600000000000003,0.182,1.02,0.41,0.519,0.93,0.245,3.5,0.296,-2.6,-0.4,-1.3,131,45,0.395,155,1.57,0.166,0.51,0.324,0.077,0.245,13,0.057999999999999996,3,0.75,0.389,0.40399999999999997,0.207,0.14800000000000002,0.44,0.41100000000000003,445,93.2,115.3,6.7,58,0.13,246,0.5529999999999999,0.281,0.535,0.408,-1.15,0.2,0.602,0.35700000000000004,0.6759999999999999,0.899,0.823,0.391,0.556,0.063,0.198,0.261,14.1,14.6,5.9,0.7,7,1,1.1,2.45,2.61,0.22,1.68,1.17,0.44299999999999995,94,0.205,84,0.078,89.8,0.10099999999999999,80,0.14400000000000002,86.3,0.027999999999999997,87.1,48.3,-4.3,-5,5.5
Josh Jung,TEX,122,478,515,127,78,25,1,23,75,70,30,0,151,5,2,0,7,1,3,0.266,0.057999999999999996,0.293,0.2,0.315,0.467,0.781,0.201,3,0.34,-2.4,1.4,-1.9,70,6.8,0.334,110,0.93,0.243,0.365,0.392,0.054000000000000006,0.17800000000000002,6,0.05,0,0,0.368,0.39799999999999996,0.23399999999999999,0.076,0.514,0.41,329,91.8,110,15,39,0.11900000000000001,155,0.47100000000000003,0.256,0.476,0.336,-0.79,0.361,0.742,0.519,0.584,0.84,0.736,0.414,0.672,0.13699999999999998,0.15,0.287,9.9,-8.3,-0.3,5.8,0.8,0.6,1.08,-1.45,-0.19,3.69,0.59,1.55,0.46399999999999997,93.7,0.28800000000000003,84.8,0.082,88.6,0.079,79.8,0.065,85,0.021,86.7,6.3,-2.9,2.8,2.5
Josh Bell,MIA,150,547,617,135,85,28,0,22,52,74,63,2,134,2,3,0,13,0,1,0.247,0.102,0.217,0.47,0.325,0.419,0.744,0.172,0.7,0.287,-2.8,-0.6,-1.6,77,2.2,0.323,105,1.42,0.175,0.483,0.341,0.063,0.155,13,0.065,0,0,0.457,0.32,0.22399999999999998,0.147,0.526,0.327,418,90.1,114,9.3,42,0.10099999999999999,178,0.426,0.263,0.457,0.346,-0.64,0.311,0.735,0.47600000000000003,0.626,0.867,0.7709999999999999,0.389,0.579,0.109,0.13699999999999998,0.245,8.9,0.1,-2.1,-0.3,-3.3,-1.3,0.86,0.03,-1,-0.11,-0.64,-1.9,0.424,93.6,0.152,84.7,0.086,89.5,0.096,79.3,0.214,85.3,0.027999999999999997,86.3,3.6,-5,-1.9,0.4
Jose Ramirez,CLE,156,611,691,172,107,36,5,24,87,80,73,22,73,1,6,0,8,28,6,0.282,0.106,0.106,1,0.356,0.475,0.831,0.193,5.7,0.285,2.9,2.3,1.8,100,15.8,0.346,123,0.81,0.22399999999999998,0.34700000000000003,0.428,0.15,0.10300000000000001,12,0.063,0,0,0.511,0.3,0.18899999999999997,0.165,0.517,0.318,544,90,111.6,18,38,0.07,219,0.40299999999999997,0.297,0.478,0.36,1.04,0.309,0.703,0.466,0.7490000000000001,0.925,0.855,0.4,0.534,0.067,0.15,0.218,9.4,0.6,3.6,0.8,3.8,0.6,0.83,0.14,2.05,0.28,0.79,0.66,0.43799999999999994,93.5,0.158,84.5,0.068,89.2,0.114,80.2,0.185,85.4,0.038,85.6,18.9,7,3.2,5.1
Jose Abreu,HOU,141,540,594,128,86,23,1,18,62,90,42,1,130,6,6,0,16,0,1,0.237,0.071,0.21899999999999997,0.32,0.296,0.383,0.68,0.146,2,0.276,-1.3,-1.4,-1.4,61,-11.4,0.295,86,1.24,0.188,0.45,0.363,0.079,0.11900000000000001,13,0.07,0,0,0.33899999999999997,0.40399999999999997,0.257,0.188,0.526,0.28600000000000003,416,89,113.3,10.8,36,0.086,173,0.41600000000000004,0.243,0.4,0.31,0.02,0.389,0.6629999999999999,0.502,0.642,0.856,0.758,0.41100000000000003,0.593,0.121,0.17,0.29100000000000004,-8.1,-6.3,3.8,1.4,-2.1,0.3,-0.65,-1.05,2.68,0.66,-1.31,0.93,0.519,94.3,0.251,84.5,0.06,88.8,0.087,80.1,0.068,84.7,0.013999999999999999,86.3,-9.6,-4.1,-2,-0.6
Jorge Soler,MIA,137,504,580,126,66,24,0,36,77,75,66,4,141,6,4,0,20,1,0,0.25,0.114,0.243,0.47,0.341,0.512,0.853,0.262,1.8,0.272,-0.7,-2.2,-0.8,91,20.4,0.361,126,0.77,0.18,0.35700000000000004,0.46299999999999997,0.076,0.212,5,0.038,0,0,0.46299999999999997,0.35100000000000003,0.185,0.134,0.436,0.431,367,91.3,114.8,17.8,55,0.15,176,0.48,0.262,0.531,0.376,1.54,0.292,0.687,0.441,0.601,0.8540000000000001,0.75,0.37799999999999995,0.564,0.11,0.163,0.273,10,-5.1,0.5,2.6,3.6,0.5,0.97,-0.76,0.27,1.3,2.16,1.17,0.44799999999999995,94.1,0.28800000000000003,85,0.086,89.4,0.087,80.3,0.073,85.2,0.019,85.7,19,-3.7,-4.1,1.9
Jonathan India,CIN,119,454,529,111,71,23,0,17,78,61,52,0,109,16,7,0,13,14,2,0.244,0.098,0.20600000000000002,0.48,0.338,0.407,0.746,0.163,5,0.281,0.7,-2,0.9,68,3.9,0.327,99,0.99,0.21600000000000003,0.389,0.395,0.129,0.122,12,0.088,0,0,0.429,0.31,0.261,0.139,0.526,0.335,352,89.5,111.4,15.3,27,0.077,135,0.384,0.25,0.42,0.339,-0.79,0.222,0.596,0.385,0.627,0.878,0.7959999999999999,0.43700000000000006,0.588,0.078,0.217,0.295,3.2,-2.6,0.2,-0.3,-0.6,1.8,0.3,-0.51,0.12,-0.16,-0.3,4.22,0.493,93.8,0.23199999999999998,84.5,0.084,88.9,0.08,79.1,0.092,85.3,0.019,85.6,-0.4,-0.4,-4.8,1.2
Joey Meneses,WSN,154,611,657,168,118,36,1,13,71,89,38,0,130,5,3,0,15,0,0,0.275,0.057999999999999996,0.198,0.29,0.321,0.401,0.722,0.126,1.6,0.329,-1.7,-1.3,-1.2,78,-2.1,0.314,96,1.56,0.20199999999999999,0.486,0.312,0.126,0.086,21,0.089,0,0,0.419,0.298,0.28300000000000003,0.161,0.504,0.335,484,89.4,110.8,9.4,26,0.054000000000000006,202,0.41700000000000004,0.241,0.354,0.285,1.21,0.34299999999999997,0.6709999999999999,0.47600000000000003,0.644,0.892,0.7859999999999999,0.40700000000000003,0.626,0.102,0.18100000000000002,0.28300000000000003,-8.4,6.1,3.1,-2.7,2.4,-0.8,-0.73,0.85,1.52,-1.22,1.05,-3.52,0.45399999999999996,94,0.282,84.6,0.079,90.1,0.086,79.3,0.09,84.5,0.009,87.5,-3.6,-4.2,-1.3,-0.2
Jeremy Pena,HOU,150,577,634,152,107,32,3,10,81,52,43,1,129,9,1,1,11,13,9,0.263,0.068,0.203,0.33,0.324,0.381,0.705,0.118,4.9,0.323,2,0.5,-2.4,73,-4.6,0.31,96,2.04,0.191,0.5429999999999999,0.266,0.068,0.085,21,0.087,2,0.33299999999999996,0.449,0.34,0.21100000000000002,0.151,0.5489999999999999,0.3,453,88,111.6,5.5,18,0.04,159,0.35100000000000003,0.254,0.361,0.302,-2.17,0.381,0.754,0.529,0.531,0.897,0.738,0.397,0.64,0.139,0.125,0.263,4.9,-5,0.9,-0.4,-0.8,1.8,0.49,-0.77,0.67,-0.18,-0.32,3.22,0.436,94.1,0.284,84.9,0.057999999999999996,88.8,0.088,80.3,0.107,85,0.025,86,-2.7,0.1,2.2,2.8
Jeimer Candelario,CHC,140,505,576,127,63,39,3,22,77,70,53,1,127,13,4,0,11,8,1,0.251,0.092,0.22,0.42,0.336,0.471,0.807,0.22,5.3,0.292,1.1,-0.1,0.2,83,13.2,0.346,117,0.99,0.19399999999999998,0.401,0.406,0.084,0.142,9,0.059000000000000004,0,0,0.45399999999999996,0.32,0.226,0.163,0.522,0.315,383,88.3,111.3,14.1,30,0.078,139,0.363,0.233,0.405,0.319,1.09,0.32,0.6990000000000001,0.473,0.654,0.872,0.784,0.40299999999999997,0.5760000000000001,0.102,0.157,0.259,16.2,0.7,1.5,-4.5,1.7,-0.4,1.63,0.15,0.74,-1.48,0.54,-0.75,0.426,93.5,0.195,84.3,0.086,89.6,0.131,79.5,0.138,85.4,0.024,85.1,12.1,1.2,0.5,3.3
Jeff McNeil,NYM,156,585,648,158,119,25,4,10,75,55,39,0,65,18,3,3,5,10,0,0.27,0.06,0.1,0.6,0.333,0.378,0.711,0.108,5.2,0.288,-0.4,1.5,0.6,77,-2.3,0.314,100,1.09,0.201,0.41700000000000004,0.382,0.141,0.051,17,0.079,2,0.25,0.413,0.331,0.257,0.18600000000000003,0.606,0.207,526,86,109,14.4,7,0.013000000000000001,142,0.27,0.246,0.333,0.29,0.6,0.33799999999999997,0.7659999999999999,0.526,0.774,0.9359999999999999,0.878,0.439,0.634,0.064,0.122,0.18600000000000003,-4.4,4,-2.6,0.5,6.2,0.5,-0.38,0.96,-1.53,0.32,2.89,0.67,0.531,93.5,0.188,84.3,0.078,89,0.072,80.4,0.098,86.1,0.033,87.3,0.2,1.7,2.8,2.6
Javier Baez,DET,136,510,547,113,82,18,4,9,58,59,24,0,125,9,3,0,12,12,0,0.222,0.044000000000000004,0.22899999999999998,0.19,0.267,0.325,0.593,0.104,6.5,0.274,0.3,0.5,1.5,40,-26.2,0.261,61,1.56,0.18100000000000002,0.499,0.32,0.089,0.073,14,0.073,1,1,0.402,0.361,0.237,0.142,0.575,0.284,389,88,113.1,9.3,20,0.051,151,0.38799999999999996,0.238,0.358,0.284,1.87,0.46,0.693,0.547,0.5820000000000001,0.82,0.695,0.374,0.634,0.16699999999999998,0.134,0.301,-15.3,-3.7,-0.6,-3.4,0.8,1.2,-1.73,-0.66,-0.49,-2.18,0.4,2.71,0.45,93.8,0.282,84.5,0.065,89,0.08,79.7,0.099,84.4,0.023,87,-25.3,2.3,7.3,0.8
James Outman,LAD,151,483,567,120,78,16,3,23,86,70,68,1,181,12,4,0,4,16,3,0.248,0.12,0.319,0.38,0.353,0.437,0.79,0.188,6.2,0.343,3.2,1.8,0.7,81,12.2,0.344,118,0.91,0.214,0.375,0.41100000000000003,0.11199999999999999,0.184,11,0.096,1,0.5,0.49,0.29100000000000004,0.21899999999999997,0.17,0.539,0.29100000000000004,306,87.9,111.4,15.7,34,0.111,121,0.395,0.228,0.396,0.326,0.68,0.281,0.7170000000000001,0.45899999999999996,0.456,0.784,0.6659999999999999,0.409,0.575,0.153,0.157,0.311,8,-0.5,0.8,-3.9,9.4,-1,0.73,-0.1,0.48,-1.33,3.84,-1.83,0.466,93.4,0.213,84.4,0.071,89.6,0.12300000000000001,79.3,0.105,86.4,0.023,86,12.9,5.7,5,4.4
Jake Cronenworth,SDP,127,458,522,105,64,24,7,10,54,48,46,2,97,11,5,1,8,6,1,0.229,0.088,0.18600000000000003,0.47,0.312,0.378,0.689,0.148,5.8,0.267,2.5,0.8,-0.1,56,-7.5,0.301,92,0.92,0.222,0.37200000000000005,0.406,0.082,0.068,11,0.082,3,0.429,0.36200000000000004,0.371,0.267,0.18,0.564,0.256,368,87.3,108.4,15,16,0.044000000000000004,122,0.332,0.236,0.366,0.304,-0.65,0.31,0.6729999999999999,0.473,0.7490000000000001,0.9309999999999999,0.866,0.45,0.607,0.064,0.177,0.24100000000000002,-4.3,-3,-2.2,0.6,3.3,-0.7,-0.39,-0.76,-1.45,0.32,1.7,-1.21,0.53,93.9,0.19,84.4,0.074,89.6,0.083,80.6,0.094,86.3,0.028999999999999998,86.1,-5,3.2,1.4,1
Jake Burger,MIA,141,492,540,123,60,28,1,34,71,80,32,0,149,12,4,0,4,1,1,0.25,0.059000000000000004,0.276,0.21,0.309,0.518,0.828,0.268,2.5,0.284,0.2,1.9,-1,80,13.7,0.349,120,1.11,0.184,0.429,0.386,0.157,0.254,8,0.054000000000000006,0,0,0.49,0.32899999999999996,0.182,0.187,0.40299999999999997,0.409,347,91.9,118.2,12.3,58,0.16699999999999998,171,0.493,0.268,0.506,0.358,-0.3,0.413,0.722,0.54,0.506,0.826,0.6829999999999999,0.413,0.626,0.171,0.13,0.301,10.1,2.9,1,9.9,-6.5,-0.7,1.12,0.52,0.75,6.33,-2.9,-0.92,0.44,93.8,0.27,85,0.067,89.4,0.077,79.4,0.11,85.1,0.036000000000000004,84.5,13.5,1.1,-5.8,2.5
Jack Suwinski,PIT,144,447,534,100,51,21,2,26,63,74,75,2,172,6,6,0,2,13,2,0.224,0.14,0.322,0.44,0.339,0.454,0.793,0.23,5.1,0.29,2.1,2.1,0.8,75,10.1,0.341,112,0.52,0.18600000000000003,0.27899999999999997,0.536,0.113,0.17300000000000001,10,0.128,0,0,0.41600000000000004,0.36700000000000005,0.217,0.17800000000000002,0.48,0.342,281,90.5,114.7,22.4,44,0.157,122,0.434,0.218,0.464,0.349,-1.21,0.22,0.625,0.389,0.527,0.8140000000000001,0.72,0.418,0.537,0.109,0.195,0.304,8.1,-0.2,2.7,3.3,-1.2,0.9,0.79,-0.05,1.37,1.6,-0.34,1.3,0.452,93.8,0.19399999999999998,84.7,0.085,90.1,0.09,79.6,0.14800000000000002,85.9,0.032,85.8,8.3,5,-4.2,2.8
J.T. Realmuto,PHI,135,489,540,123,70,28,5,20,70,63,35,3,138,9,5,0,10,16,5,0.252,0.065,0.256,0.25,0.31,0.452,0.762,0.2,6.4,0.307,-2.7,1,0.2,68,2.5,0.324,102,0.89,0.19899999999999998,0.376,0.424,0.099,0.132,14,0.10400000000000001,0,0,0.433,0.32899999999999996,0.239,0.146,0.525,0.32899999999999996,358,89.8,110.6,16.6,40,0.11199999999999999,153,0.42700000000000005,0.254,0.463,0.336,-1.87,0.341,0.72,0.503,0.638,0.8340000000000001,0.758,0.428,0.598,0.122,0.147,0.26899999999999996,0.5,0,1.6,-2.3,4.6,-0.1,0.05,0,1.18,-1.45,2.31,-0.39,0.47600000000000003,93.9,0.272,84.3,0.065,88.4,0.075,80.5,0.094,85.6,0.016,85.4,1.2,-1.5,-13.2,1.5
J.P. Crawford,SEA,145,534,638,142,88,35,0,19,94,65,94,1,125,5,2,3,7,2,0,0.266,0.147,0.196,0.75,0.38,0.438,0.818,0.172,2.7,0.314,1.9,0.7,-1,99,21.5,0.359,134,1.04,0.23199999999999998,0.391,0.377,0.11,0.12300000000000001,8,0.05,0,0,0.43,0.35,0.22,0.18600000000000003,0.502,0.312,414,88.3,110.1,15.1,20,0.048,150,0.36200000000000004,0.256,0.379,0.339,0.91,0.21899999999999997,0.604,0.385,0.6990000000000001,0.903,0.8370000000000001,0.429,0.528,0.063,0.19699999999999998,0.26,19.4,-5.7,-2.3,4.4,4.6,3.1,1.44,-1.03,-1.11,2.5,1.65,4.66,0.515,93.8,0.209,84,0.078,88.7,0.067,79.6,0.106,86.3,0.025,86.3,26.1,1.6,-6.6,4.9
J.D. Davis,SFG,144,480,546,119,77,23,1,18,61,69,52,0,152,6,6,0,16,1,0,0.248,0.095,0.278,0.34,0.325,0.413,0.738,0.165,2.5,0.32,-0.3,-1.2,-0.8,68,1.3,0.321,104,1.91,0.198,0.527,0.275,0.054000000000000006,0.196,7,0.04,0,0,0.413,0.332,0.254,0.12,0.53,0.35,336,91.1,111.3,7.8,32,0.095,149,0.444,0.241,0.41,0.324,0.41,0.303,0.828,0.53,0.49,0.782,0.687,0.431,0.654,0.165,0.106,0.271,-6.8,-4.7,7.9,1.2,0.8,0.4,-0.58,-1.05,5.17,0.79,0.54,1.77,0.5589999999999999,93.8,0.213,84.6,0.073,89.2,0.074,80,0.068,84.7,0.012,85.9,2.9,-2.3,3.2,2.2
Isaac Paredes,TBR,143,492,571,123,68,24,0,31,71,98,58,0,104,20,1,0,11,1,0,0.25,0.102,0.182,0.56,0.352,0.488,0.84,0.238,1.9,0.257,-1.2,1.1,-0.9,90,20.8,0.362,137,0.68,0.21100000000000002,0.319,0.47,0.19699999999999998,0.16899999999999998,8,0.065,0,0,0.545,0.275,0.18,0.172,0.501,0.326,389,86.9,107.7,22.2,23,0.059000000000000004,110,0.28300000000000003,0.226,0.364,0.314,-1.09,0.32,0.6779999999999999,0.457,0.716,0.9129999999999999,0.828,0.381,0.585,0.079,0.171,0.25,11.6,6.4,0.5,-1.9,3,-0.9,1.01,1,0.38,-1.01,1.44,-1.63,0.484,94.2,0.271,84.7,0.057,88.6,0.078,80,0.087,85.2,0.024,86.5,25.1,-1,-0.7,4.3
Ian Happ,CHC,158,580,691,144,84,35,4,21,86,84,99,2,153,6,6,0,12,14,3,0.248,0.14300000000000002,0.221,0.65,0.36,0.431,0.791,0.183,5,0.299,0.2,1.5,0.1,100,15.4,0.345,118,1.13,0.213,0.41700000000000004,0.37,0.081,0.131,12,0.067,0,0,0.376,0.36700000000000005,0.256,0.155,0.5329999999999999,0.312,433,89.9,112.6,13,39,0.09,169,0.39,0.251,0.421,0.349,0.92,0.268,0.687,0.444,0.633,0.845,0.7709999999999999,0.42,0.593,0.102,0.154,0.255,-1.7,-3.5,7.4,5.1,6.3,0,-0.12,-0.84,3,2.04,1.35,-0.03,0.495,93.9,0.145,84.9,0.086,89.7,0.087,79.8,0.163,85.9,0.023,86.2,15,1.8,2.1,3.5
Hunter Renfroe,CIN,140,498,548,116,65,31,0,20,60,60,44,0,125,3,3,0,15,0,0,0.233,0.08,0.228,0.35,0.297,0.416,0.713,0.183,1.3,0.27,0.4,-1,-0.9,62,-4.7,0.308,92,1.06,0.17300000000000001,0.426,0.402,0.185,0.132,7,0.044000000000000004,0,0,0.49200000000000005,0.324,0.184,0.18100000000000002,0.49700000000000005,0.322,376,88.3,113.2,15,23,0.061,146,0.38799999999999996,0.224,0.365,0.289,0.08,0.363,0.726,0.509,0.624,0.858,0.758,0.401,0.619,0.12300000000000001,0.147,0.27,-3.8,-5.5,2.3,-3.1,-0.7,2.4,-0.42,-0.81,1.58,-1.91,-0.46,6.4,0.43799999999999994,94.1,0.32299999999999995,84.4,0.069,88.7,0.078,80.3,0.074,85.7,0.018000000000000002,86.5,-5.2,-1.5,0.5,0.6
Ha-Seong Kim,SDP,152,538,626,140,100,23,0,17,84,60,75,1,124,3,5,5,7,38,9,0.26,0.12,0.198,0.6,0.351,0.398,0.749,0.138,5.1,0.306,2,0.7,2.4,82,6,0.33,112,1.04,0.20600000000000002,0.405,0.38799999999999996,0.086,0.105,18,0.107,1,0.14300000000000002,0.45,0.342,0.20800000000000002,0.182,0.55,0.26899999999999996,424,86.2,108.5,13.6,18,0.043,111,0.262,0.243,0.356,0.312,-0.14,0.23,0.5720000000000001,0.385,0.763,0.882,0.843,0.455,0.5770000000000001,0.06,0.233,0.293,4.9,5.7,-1.9,1.5,0.3,0.6,0.32,0.85,-1.23,0.79,0.17,1.16,0.55,93.7,0.244,84.7,0.057,88.4,0.069,79.6,0.062,85.2,0.018000000000000002,86.2,9,5.1,5.8,4.4
Gunnar Henderson,BAL,150,560,622,143,77,29,9,28,100,82,56,1,159,3,3,0,10,10,3,0.255,0.09,0.256,0.35,0.325,0.489,0.814,0.234,6.9,0.306,4.9,0.6,-0.3,90,14.1,0.346,123,1.26,0.191,0.45,0.359,0.076,0.193,8,0.044000000000000004,0,0,0.39899999999999997,0.35100000000000003,0.25,0.114,0.493,0.39399999999999996,404,92,113.8,11.4,46,0.114,209,0.517,0.258,0.468,0.345,-0.29,0.29,0.695,0.46799999999999997,0.624,0.8270000000000001,0.7559999999999999,0.439,0.625,0.114,0.168,0.281,-5.7,4.4,4.2,5.7,4.7,-0.1,-0.51,0.77,2.22,2.72,1.99,-0.06,0.46399999999999997,94.2,0.235,84.2,0.079,89.4,0.087,80.2,0.099,85.8,0.035,85.6,17.1,5.2,0.2,4.6
Gleyber Torres,NYY,158,596,672,163,108,28,2,25,90,68,67,0,98,3,6,0,19,13,6,0.273,0.1,0.146,0.68,0.347,0.453,0.8,0.18,4.3,0.288,-2,-1.5,-1.3,97,15.1,0.346,123,0.99,0.21100000000000002,0.392,0.396,0.09,0.126,13,0.066,0,0,0.366,0.384,0.25,0.12300000000000001,0.5489999999999999,0.32799999999999996,504,89.7,112.4,15.1,40,0.079,203,0.40299999999999997,0.28,0.474,0.361,-1.15,0.295,0.711,0.467,0.687,0.878,0.8079999999999999,0.414,0.621,0.09,0.156,0.24600000000000002,9.1,2,-0.5,-0.8,-1.7,1.4,0.79,0.26,-0.23,-0.35,-0.74,2.12,0.43700000000000006,94.4,0.29,84.7,0.08,89,0.082,80,0.086,85.5,0.025,87.1,18.2,-4.8,-4.6,3.2
George Springer,TOR,154,613,683,158,111,25,1,21,87,72,60,1,125,5,3,0,20,20,5,0.258,0.088,0.183,0.48,0.327,0.405,0.732,0.147,4.6,0.291,-0.4,-1.8,0.5,84,0.8,0.32,104,1.25,0.204,0.442,0.354,0.10300000000000001,0.121,15,0.069,0,0,0.395,0.36,0.244,0.159,0.507,0.33399999999999996,493,88.3,115.9,12,38,0.077,194,0.39399999999999996,0.262,0.418,0.332,-0.06,0.275,0.7609999999999999,0.49200000000000005,0.634,0.8740000000000001,0.8,0.447,0.613,0.098,0.139,0.237,0.2,-11.2,-0.2,7.5,1.4,0,0.02,-1.57,-0.09,5.93,0.57,0.02,0.451,94.1,0.281,84.6,0.097,88.9,0.05,80.3,0.097,85.4,0.025,86.4,3.3,-1.7,5,2.2
Freddie Freeman,LAD,161,637,730,211,121,59,2,29,131,102,72,12,121,16,5,0,14,23,1,0.331,0.099,0.166,0.6,0.41,0.567,0.976,0.235,6,0.37,1.4,1,2.7,145,55.9,0.411,163,0.95,0.276,0.353,0.37,0.036000000000000004,0.15,6,0.033,0,0,0.365,0.35700000000000004,0.278,0.106,0.526,0.369,521,90,110.6,15.2,58,0.111,218,0.418,0.32,0.564,0.409,-1.5,0.301,0.792,0.51,0.688,0.88,0.815,0.426,0.614,0.094,0.114,0.20800000000000002,26.4,8.4,4.1,4.7,15.5,-1,2.07,1.43,1.9,1.63,4.66,-1.79,0.46399999999999997,94,0.213,84.7,0.078,89.4,0.10400000000000001,79.7,0.121,86.3,0.021,87.9,56.8,5.1,4.3,7.9
Francisco Lindor,NYM,160,602,687,153,87,33,2,31,108,98,66,1,137,12,7,0,8,31,4,0.254,0.096,0.19899999999999998,0.48,0.336,0.47,0.806,0.216,6.4,0.277,2.7,1.8,3.2,99,15.5,0.346,121,0.75,0.201,0.341,0.45799999999999996,0.12,0.14400000000000002,8,0.05,0,0,0.47,0.33299999999999996,0.19699999999999998,0.14400000000000002,0.502,0.354,472,91.2,112.4,19.2,49,0.10400000000000001,207,0.439,0.253,0.454,0.345,-1.01,0.305,0.73,0.48,0.6609999999999999,0.873,0.7929999999999999,0.41200000000000003,0.606,0.099,0.14800000000000002,0.247,8.6,-2.5,-1.9,-0.1,12.5,-1.2,0.67,-0.48,-0.78,-0.04,3.74,-1.61,0.469,93.7,0.191,85,0.089,88.9,0.10099999999999999,79.9,0.122,86.1,0.027000000000000003,87.1,18.2,7.7,4.1,6
Fernando Tatis Jr.,SDP,141,575,635,148,89,33,1,25,91,78,53,0,141,3,3,1,17,29,4,0.257,0.083,0.222,0.38,0.322,0.449,0.77,0.191,5.9,0.299,0.8,-0.7,3,84,7,0.332,113,1.4,0.192,0.47100000000000003,0.336,0.088,0.17,13,0.063,0,0,0.436,0.39,0.174,0.12300000000000001,0.47,0.406,438,91.9,113.4,11,48,0.11,214,0.489,0.282,0.511,0.368,0.03,0.35700000000000004,0.8170000000000001,0.54,0.583,0.8029999999999999,0.716,0.39899999999999997,0.633,0.153,0.093,0.24600000000000002,3.9,3.8,-4,3.1,-1.7,-1.1,0.35,0.66,-2.86,1.73,-0.7,-1.58,0.479,94,0.25,85,0.06,89.6,0.077,79.7,0.106,85.5,0.028999999999999998,86.6,10,3.1,15.5,4.4
Ezequiel Tovar,COL,153,581,615,147,91,37,4,15,79,73,25,0,166,4,3,2,10,11,5,0.253,0.040999999999999995,0.27,0.15,0.287,0.408,0.695,0.155,5.5,0.328,0,0.2,-0.8,65,-10.2,0.298,70,1.26,0.235,0.42700000000000005,0.33799999999999997,0.064,0.106,9,0.051,0,0,0.336,0.39299999999999996,0.271,0.129,0.555,0.317,420,88,109.8,12.6,34,0.081,150,0.35700000000000004,0.247,0.383,0.29,2.24,0.45399999999999996,0.81,0.593,0.557,0.847,0.7120000000000001,0.392,0.6629999999999999,0.171,0.11,0.281,7,-8.9,0.1,-10,-1.3,2.2,0.69,-1.34,0.04,-4.77,-0.64,9.65,0.44799999999999995,93.6,0.29,84.2,0.071,87.9,0.092,79.5,0.09,84.4,0.01,85.4,-22.6,-0.6,11.6,1.6
Eugenio Suarez,SEA,162,598,694,139,88,29,0,22,68,96,70,0,214,15,11,0,10,2,1,0.232,0.10099999999999999,0.308,0.33,0.323,0.391,0.714,0.159,1.9,0.314,-2.5,0.7,-1.4,82,-2.9,0.313,102,0.78,0.228,0.33899999999999997,0.433,0.057999999999999996,0.129,9,0.067,0,0,0.46799999999999997,0.332,0.2,0.129,0.504,0.36700000000000005,395,90.3,111.1,18.9,50,0.127,170,0.43,0.223,0.423,0.328,0.11,0.264,0.685,0.445,0.508,0.804,0.7040000000000001,0.43,0.602,0.132,0.166,0.298,4.8,-6,-2.9,1,-2.1,1.4,0.32,-0.82,-1.7,0.47,-0.91,2.05,0.511,93.7,0.253,84.4,0.06,88.6,0.074,79.6,0.08,85.3,0.023,85.6,2.1,-3.2,7.1,3.2
Enrique Hernandez,LAD,140,465,508,110,76,23,0,11,57,61,34,1,97,3,6,0,17,4,1,0.237,0.067,0.191,0.35,0.289,0.357,0.646,0.12,3.3,0.273,-0.2,-2.4,-0.5,46,-15.4,0.282,72,0.86,0.19,0.374,0.436,0.11699999999999999,0.067,5,0.036000000000000004,0,0,0.366,0.374,0.259,0.174,0.561,0.265,374,87.8,109.2,17,17,0.046,125,0.33399999999999996,0.222,0.333,0.271,0.43,0.307,0.6859999999999999,0.467,0.632,0.872,0.7809999999999999,0.42200000000000004,0.614,0.102,0.177,0.27899999999999997,-9.8,-5.2,-6.2,3,-0.1,-2.4,-1.11,-1.03,-3.51,2.08,-0.04,-5.71,0.451,93.3,0.259,84.7,0.09,88.5,0.074,80.7,0.105,84.4,0.021,86.6,-16.9,-3.1,-12.9,-1.3
Elias Diaz,COL,141,486,526,130,90,25,1,14,48,72,34,0,118,2,4,0,12,1,0,0.267,0.065,0.22399999999999998,0.29,0.316,0.409,0.725,0.142,2.2,0.324,0.2,0.1,-0.8,62,-1.8,0.314,81,1.3,0.172,0.46799999999999997,0.36,0.149,0.10400000000000001,9,0.052000000000000005,0,0,0.42700000000000005,0.35200000000000004,0.22,0.172,0.449,0.379,372,88.1,111.7,12.7,23,0.062,143,0.384,0.243,0.372,0.295,1.53,0.39799999999999996,0.782,0.5479999999999999,0.606,0.852,0.7440000000000001,0.392,0.627,0.14,0.10800000000000001,0.248,-5.9,6.9,7,-4.1,-4.3,-2.3,-0.65,1.43,5.95,-2.04,-1.71,-8.67,0.455,93.7,0.243,84.6,0.059000000000000004,88.4,0.102,79.9,0.127,84.7,0.013000000000000001,84.4,-12.5,-0.5,-12.5,0
Eddie Rosario,ATL,142,478,516,122,74,24,3,21,64,74,34,1,122,1,2,1,13,3,4,0.255,0.066,0.23600000000000002,0.28,0.305,0.45,0.755,0.195,3.7,0.3,1,-0.7,-1.9,65,1.7,0.322,100,1.06,0.221,0.401,0.37799999999999995,0.089,0.156,9,0.063,1,0.5,0.44299999999999995,0.359,0.198,0.12300000000000001,0.5379999999999999,0.34,359,88.6,110.4,14.5,34,0.095,126,0.35100000000000003,0.254,0.437,0.32,1.2,0.45899999999999996,0.743,0.5710000000000001,0.645,0.7979999999999999,0.7240000000000001,0.395,0.653,0.157,0.124,0.282,-0.9,-1.6,0.6,-4.8,5.7,-0.3,-0.11,-0.44,0.42,-2.18,1.82,-0.52,0.42700000000000005,94,0.18600000000000003,84.1,0.079,90.3,0.11599999999999999,80.3,0.165,86.4,0.027000000000000003,86.4,-0.2,-1.6,4.3,1.4
Dominic Smith,WSN,153,527,586,134,100,21,1,12,57,46,47,1,91,10,2,0,12,1,1,0.254,0.08,0.155,0.52,0.326,0.366,0.692,0.112,2.2,0.286,-2.5,0,-1.4,66,-5.8,0.306,90,1.13,0.201,0.425,0.374,0.055,0.073,12,0.065,0,0,0.384,0.35200000000000004,0.265,0.162,0.575,0.263,438,86.3,108.3,12.8,29,0.066,135,0.308,0.256,0.397,0.322,0.37,0.33899999999999997,0.6970000000000001,0.49,0.73,0.875,0.8170000000000001,0.42200000000000004,0.647,0.09,0.158,0.248,-3.2,-3.3,-3.1,3.8,0,-0.5,-0.3,-0.74,-1.49,2.02,-0.01,-1.12,0.486,93.9,0.201,84.1,0.093,89.9,0.086,80.4,0.114,85.7,0.019,85.7,-7.1,-3.9,3.1,0.1
DJ LeMahieu,NYY,136,497,562,121,81,22,3,15,55,44,60,2,125,3,2,0,14,2,2,0.243,0.107,0.222,0.48,0.327,0.39,0.718,0.147,3,0.295,-3.6,-1.9,-1.5,67,-1.8,0.315,101,2.11,0.19,0.55,0.26,0.093,0.155,8,0.039,0,0,0.345,0.374,0.281,0.147,0.516,0.337,374,89.6,111.2,3.8,22,0.059000000000000004,161,0.431,0.252,0.384,0.32,0,0.259,0.5589999999999999,0.392,0.7020000000000001,0.898,0.826,0.442,0.603,0.068,0.242,0.31,-4.2,0.8,-3.2,2.2,1.8,0.2,-0.34,0.15,-2.01,1.34,1.29,0.41,0.5579999999999999,93.9,0.21899999999999997,84.6,0.07,89,0.073,80.2,0.063,84.7,0.018000000000000002,87.3,0.8,-7,1,1.1
Daulton Varsho,TOR,158,527,581,116,70,23,3,20,65,61,45,0,135,4,3,1,5,16,7,0.22,0.077,0.23199999999999998,0.33,0.285,0.389,0.674,0.169,5.4,0.256,2.1,1.4,-0.7,58,-12.5,0.293,85,0.69,0.203,0.325,0.47200000000000003,0.19,0.11199999999999999,7,0.057,11,0.647,0.508,0.263,0.23,0.19699999999999998,0.51,0.293,397,87.8,112.5,20.5,29,0.073,143,0.36,0.232,0.391,0.303,-0.34,0.324,0.711,0.494,0.64,0.871,0.7859999999999999,0.439,0.613,0.105,0.151,0.257,-6,-2.3,-2.9,4.1,-3.5,1,-0.53,-0.64,-1.27,1.75,-1.12,1.85,0.48700000000000004,93.8,0.154,84.6,0.098,89,0.102,79.7,0.135,86.1,0.024,85.2,-10.3,2.8,12.6,2.1
Dansby Swanson,CHC,147,565,638,138,88,25,3,22,81,80,66,0,154,5,2,0,9,9,1,0.244,0.10300000000000001,0.24100000000000002,0.43,0.328,0.416,0.744,0.172,4.8,0.297,3.2,1.2,0.2,81,3.3,0.325,104,1.27,0.203,0.446,0.35100000000000003,0.097,0.152,18,0.098,0,0,0.46,0.35600000000000004,0.184,0.121,0.528,0.35100000000000003,413,89.3,109.1,13,45,0.109,163,0.395,0.254,0.455,0.346,-1.12,0.284,0.733,0.474,0.613,0.7929999999999999,0.731,0.42200000000000004,0.618,0.127,0.14800000000000002,0.275,7.7,0.6,2.3,-1.2,-5,-2.5,0.69,0.09,1.11,-0.51,-1.61,-5.86,0.433,93.9,0.257,84.6,0.081,88.7,0.092,80,0.121,85.5,0.017,86.2,2.9,4.6,13.7,4.9
Corey Seager,TEX,119,477,536,156,81,42,0,33,88,96,49,9,88,4,6,0,9,2,1,0.327,0.091,0.16399999999999998,0.56,0.39,0.623,1.013,0.296,2.4,0.34,-4.4,0,-1,110,44.6,0.419,169,1.01,0.203,0.4,0.397,0.038,0.21,9,0.057,0,0,0.415,0.344,0.24100000000000002,0.086,0.43,0.484,395,93.3,114.4,13,60,0.152,210,0.532,0.312,0.608,0.413,0.38,0.336,0.855,0.551,0.551,0.895,0.772,0.415,0.612,0.126,0.075,0.2,16.6,9.3,4.2,5.2,7,2,2.16,2.22,2.97,3.05,2.65,2.43,0.415,94,0.228,84.6,0.076,88.8,0.092,79.4,0.14400000000000002,86.1,0.044000000000000004,86.5,44.2,-5.4,0,6.1
Corbin Carroll,ARI,155,565,645,161,96,30,10,25,116,76,57,1,125,13,4,6,7,54,5,0.285,0.088,0.19399999999999998,0.46,0.362,0.506,0.868,0.221,9.3,0.325,6,2.4,7.4,106,27.8,0.37,133,1.19,0.19,0.439,0.371,0.11699999999999999,0.154,14,0.073,3,0.231,0.42700000000000005,0.331,0.242,0.142,0.524,0.33299999999999996,450,90,113.8,11,34,0.076,184,0.409,0.269,0.439,0.346,1.5,0.305,0.67,0.455,0.682,0.885,0.805,0.41100000000000003,0.5720000000000001,0.089,0.168,0.256,19.3,10,-6.5,4.9,-1.3,2.5,1.7,1.98,-2.86,2.02,-0.48,4.28,0.467,93.7,0.207,83.9,0.093,90,0.1,79.6,0.10800000000000001,86.1,0.024,85.9,26.5,15.8,0.6,6
Cody Bellinger,CHC,130,499,556,153,97,29,1,26,95,97,40,3,87,5,12,0,7,20,6,0.307,0.072,0.156,0.46,0.356,0.525,0.881,0.218,5.5,0.319,1.5,0.8,0.4,92,23.9,0.37,134,0.83,0.20800000000000002,0.358,0.434,0.109,0.141,13,0.086,0,0,0.436,0.373,0.191,0.156,0.552,0.292,424,87.9,109.2,17.2,26,0.061,133,0.314,0.27,0.437,0.331,-0.69,0.353,0.687,0.499,0.72,0.8740000000000001,0.812,0.43799999999999994,0.622,0.093,0.165,0.259,7.2,7.9,-2.4,5.5,11.2,0.2,0.68,1.72,-1.28,2.76,4.88,0.77,0.49,93.9,0.21100000000000002,84.1,0.086,89.8,0.092,79.8,0.107,86,0.012,85.8,23.6,2.7,-1.2,4.1
CJ Abrams,WSN,151,563,614,138,86,28,6,18,83,64,32,2,118,13,3,3,7,47,4,0.245,0.052000000000000005,0.192,0.27,0.3,0.412,0.712,0.167,8.4,0.279,1.5,1.3,6.7,69,-6.2,0.306,90,1.15,0.182,0.43700000000000006,0.381,0.142,0.107,17,0.088,2,0.28600000000000003,0.375,0.38799999999999996,0.237,0.177,0.532,0.29,451,87.4,112.5,13.5,31,0.069,161,0.35700000000000004,0.248,0.398,0.306,-0.82,0.386,0.723,0.53,0.7,0.879,0.805,0.429,0.643,0.10300000000000001,0.139,0.243,-10.6,-4.4,4.2,0.6,5.5,1.6,-1.03,-0.96,2.09,0.25,2.19,4.52,0.46399999999999997,94,0.20800000000000002,83.7,0.091,90.2,0.107,80,0.113,86.1,0.016,84.1,-7.5,9.5,-8.1,2.1
Christian Yelich,MIL,144,550,632,153,99,34,1,19,106,76,78,7,140,3,1,0,15,28,3,0.278,0.12300000000000001,0.222,0.56,0.37,0.447,0.818,0.169,6,0.342,6.2,-1.7,3,95,18.4,0.353,122,2.5,0.198,0.573,0.22899999999999998,0.053,0.20199999999999999,12,0.051,1,1,0.353,0.35,0.297,0.146,0.462,0.392,411,91.7,113.5,3.5,38,0.093,205,0.499,0.277,0.45,0.358,0.27,0.28,0.703,0.45,0.597,0.853,0.758,0.402,0.578,0.109,0.155,0.264,19.3,-4,0.5,-0.5,2.8,0.7,1.6,-0.78,0.24,-0.16,0.93,1.43,0.47,93.4,0.2,84,0.082,89.9,0.11199999999999999,79.6,0.11599999999999999,85.7,0.02,87.4,17.1,7.5,2.9,4.1
Christian Walker,ARI,157,582,661,150,79,36,2,33,86,103,62,3,127,8,8,0,13,11,0,0.258,0.094,0.192,0.49,0.333,0.497,0.83,0.239,4.8,0.272,0.4,-0.9,1.1,98,17.9,0.351,120,0.85,0.168,0.382,0.449,0.111,0.159,7,0.04,0,0,0.428,0.33299999999999996,0.24,0.19899999999999998,0.47100000000000003,0.33,464,88,114.3,15.8,52,0.11199999999999999,186,0.401,0.25,0.462,0.342,0.36,0.304,0.74,0.485,0.586,0.852,0.755,0.41600000000000004,0.602,0.11900000000000001,0.139,0.258,16.4,-0.8,3.2,2.1,-1.8,-2.7,1.25,-0.12,1.83,1.01,-0.66,-6.38,0.49200000000000005,94,0.245,84.7,0.066,89.5,0.077,79.1,0.10400000000000001,84.9,0.016,86,16.6,0.6,10.5,3.8
Carlos Santana,MIL,146,550,619,132,75,33,1,23,78,86,65,0,104,0,4,0,11,6,0,0.24,0.105,0.168,0.63,0.318,0.429,0.747,0.189,4,0.255,1.7,0.4,0.1,78,2.5,0.323,101,1.15,0.182,0.43799999999999994,0.38,0.17,0.135,7,0.036000000000000004,0,0,0.493,0.309,0.198,0.18899999999999997,0.489,0.322,450,88.8,111.7,12.8,30,0.067,163,0.36200000000000004,0.236,0.373,0.306,0.67,0.27399999999999997,0.7020000000000001,0.45299999999999996,0.691,0.851,0.795,0.419,0.565,0.093,0.151,0.244,10.6,-9.8,-0.7,2.5,0,1,0.98,-2.26,-0.28,1.03,0,1.94,0.442,94,0.177,84.5,0.10800000000000001,89.4,0.097,79.4,0.154,85.7,0.022000000000000002,86.3,0.7,2.2,3.8,1.7
Carlos Correa,MIN,135,514,580,118,69,29,2,18,60,65,59,3,131,4,3,0,30,0,0,0.23,0.102,0.226,0.45,0.312,0.399,0.711,0.169,1.9,0.272,-2.5,-5.7,-1,66,-4.7,0.309,96,1.35,0.20199999999999999,0.45899999999999996,0.33899999999999997,0.107,0.13699999999999998,6,0.034,0,0,0.386,0.355,0.259,0.168,0.466,0.365,386,90.4,114.2,10.6,37,0.096,177,0.45899999999999996,0.25,0.418,0.329,-1.21,0.301,0.638,0.436,0.638,0.8690000000000001,0.774,0.402,0.602,0.099,0.193,0.292,-10.9,-3.8,-1.2,-0.6,-0.9,1.5,-1.03,-0.61,-0.66,-0.43,-0.46,2.62,0.47,93.9,0.276,84.7,0.078,88.6,0.065,80.2,0.086,84.7,0.025,86.5,-2.6,-9.2,-2.4,1.1
Cal Raleigh,SEA,145,513,569,119,65,23,1,30,78,75,54,1,158,1,1,0,6,0,0,0.232,0.095,0.278,0.34,0.306,0.456,0.762,0.224,2.1,0.273,-1.8,1.9,-0.9,73,3.7,0.326,111,0.65,0.19899999999999998,0.315,0.486,0.11599999999999999,0.17300000000000001,10,0.089,0,0,0.511,0.289,0.19899999999999998,0.205,0.444,0.35100000000000003,356,89.6,113.7,20.3,45,0.126,145,0.40700000000000003,0.233,0.466,0.332,-1.27,0.345,0.725,0.49700000000000005,0.596,0.8059999999999999,0.7190000000000001,0.401,0.5760000000000001,0.14,0.132,0.271,4.8,3.9,-3,-1.9,2.5,-1.9,0.46,1.02,-1.7,-0.82,0.6,-2.01,0.444,94.2,0.165,84.7,0.076,89.2,0.099,80.5,0.17600000000000002,86.2,0.04,85.8,7.8,-0.8,13.4,4.7
Bryson Stott,PHI,151,585,640,164,115,32,2,15,78,62,39,1,100,7,8,1,10,31,3,0.28,0.061,0.156,0.39,0.329,0.419,0.747,0.138,6,0.312,1.8,-0.2,3.7,80,2.4,0.323,101,1.42,0.209,0.46399999999999997,0.327,0.044000000000000004,0.094,17,0.075,3,0.6,0.33,0.348,0.322,0.111,0.585,0.304,494,88.1,108,10.2,23,0.047,174,0.35200000000000004,0.267,0.381,0.309,1.09,0.32299999999999995,0.589,0.445,0.8029999999999999,0.907,0.866,0.457,0.602,0.06,0.221,0.281,4.5,9.6,-3.6,-1.4,-2.8,-1.3,0.29,2.65,-1.88,-0.57,-0.93,-2.36,0.57,93.8,0.135,83.6,0.072,90,0.09,80.2,0.11199999999999999,86.5,0.021,85.9,0.9,5.3,9.1,3.9
Bryce Harper,PHI,126,457,546,134,83,29,1,21,84,72,80,8,119,5,4,0,10,11,3,0.293,0.147,0.218,0.67,0.401,0.499,0.9,0.206,4.3,0.352,-2.3,0.1,-0.3,96,29.9,0.384,142,1.47,0.249,0.447,0.305,0.087,0.204,9,0.06,1,0.25,0.374,0.371,0.254,0.146,0.447,0.406,342,91.8,115.7,9.1,52,0.152,160,0.46799999999999997,0.287,0.522,0.397,2.24,0.366,0.7959999999999999,0.512,0.528,0.831,0.688,0.33899999999999997,0.579,0.16,0.091,0.251,16.9,-2.1,1.4,5.2,5.8,1,1.98,-0.48,1,2.26,2.09,1.72,0.42100000000000004,94.1,0.222,83.8,0.072,89.5,0.115,80,0.139,86.1,0.03,87,28.5,-2.5,0.7,3.3
Bryan Reynolds,PIT,145,574,640,151,91,31,5,24,85,84,53,2,138,7,6,0,13,12,1,0.263,0.083,0.21600000000000003,0.38,0.33,0.46,0.79,0.197,5.8,0.304,1.5,-0.4,0.8,88,10.2,0.338,110,1.3,0.24,0.43,0.33,0.040999999999999995,0.16399999999999998,11,0.057999999999999996,0,0,0.39399999999999996,0.33299999999999996,0.27399999999999997,0.10400000000000001,0.5720000000000001,0.324,442,90.9,112.6,10.9,49,0.111,208,0.47100000000000003,0.278,0.488,0.359,-0.26,0.302,0.7509999999999999,0.474,0.55,0.858,0.737,0.38299999999999995,0.5670000000000001,0.125,0.13699999999999998,0.262,2,-4.6,5.6,8.9,-1.4,0.7,0.18,-1.16,2.51,3.87,-0.29,1.27,0.456,93.8,0.158,84.7,0.088,89.6,0.091,79.9,0.185,85.6,0.021,86.3,8,1.9,-2,2.3
Bryan De La Cruz,MIA,153,579,626,149,98,32,0,19,60,78,40,0,142,1,5,0,18,4,1,0.257,0.064,0.22699999999999998,0.28,0.304,0.411,0.715,0.154,2.5,0.307,-0.6,-1.4,-0.7,71,-5,0.309,92,1.15,0.233,0.41,0.35700000000000004,0.063,0.12,12,0.066,0,0,0.382,0.36200000000000004,0.256,0.124,0.523,0.353,443,89.9,111,11.8,39,0.088,188,0.424,0.27,0.439,0.33,0.79,0.358,0.72,0.5,0.636,0.805,0.732,0.39299999999999996,0.634,0.134,0.158,0.292,-1.2,-5.1,-3.1,2,2.4,-1.3,-0.11,-0.77,-1.42,0.96,1.2,-4.51,0.461,93.7,0.272,84.7,0.088,89.4,0.085,80.6,0.082,84.9,0.012,85.7,-6.5,-2.7,-4.1,0.2
Brent Rooker,OAK,137,463,526,114,63,20,1,30,61,69,49,1,172,10,4,0,11,4,0,0.246,0.093,0.327,0.28,0.329,0.488,0.817,0.242,3.3,0.317,0.2,-0.1,-0.1,77,13.1,0.348,127,0.71,0.193,0.336,0.47100000000000003,0.05,0.21600000000000003,6,0.061,0,0,0.342,0.41,0.247,0.11900000000000001,0.505,0.376,295,91.6,112.6,17.6,46,0.156,146,0.495,0.238,0.481,0.347,-0.26,0.32,0.664,0.461,0.449,0.7859999999999999,0.649,0.41100000000000003,0.597,0.162,0.166,0.32899999999999996,8.3,-0.5,8.3,-4,-0.1,-2,0.8,-0.1,5.92,-2.02,-0.04,-4.84,0.48,94,0.22399999999999998,84.4,0.066,88.3,0.092,80.4,0.11800000000000001,84.9,0.019,86,17.1,0,-4.4,2
Brandon Nimmo,NYM,152,592,682,162,102,30,6,24,89,68,74,0,146,11,4,1,6,3,3,0.274,0.109,0.214,0.51,0.363,0.466,0.829,0.193,4,0.324,-1.1,0.6,-2.1,106,22.9,0.359,130,1.05,0.198,0.41,0.392,0.125,0.136,12,0.065,1,0.5,0.341,0.33899999999999997,0.319,0.14,0.479,0.381,451,91.8,112,12.2,43,0.095,215,0.47700000000000004,0.264,0.453,0.355,-0.76,0.24,0.645,0.423,0.648,0.8809999999999999,0.8079999999999999,0.452,0.626,0.081,0.201,0.282,0.9,4.9,1.7,7.6,9.6,1.4,0.06,1.07,0.8,3.38,3.65,2.53,0.575,93.5,0.162,84,0.073,88.5,0.079,79.6,0.092,86.1,0.019,86.9,25.5,-2.6,-3.5,4.3
Brandon Drury,LAA,125,485,523,127,68,30,3,26,61,83,25,0,136,8,5,0,14,0,2,0.262,0.048,0.26,0.18,0.306,0.497,0.803,0.235,2.9,0.308,-1.4,-1.1,-1.6,73,9,0.339,114,1.1,0.192,0.424,0.384,0.096,0.191,10,0.067,0,0,0.415,0.35600000000000004,0.22899999999999998,0.175,0.469,0.35600000000000004,354,89.9,112.5,11.8,39,0.11,164,0.46299999999999997,0.253,0.439,0.319,-0.62,0.38299999999999995,0.706,0.517,0.564,0.84,0.72,0.414,0.627,0.14400000000000002,0.153,0.298,4.9,-0.2,-1.3,-1.5,3.2,0.5,0.52,-0.04,-0.97,-1.18,2.51,1.46,0.48,94.3,0.299,84.9,0.07,89.2,0.067,79.5,0.066,85.6,0.019,86,8.9,-4.1,4.7,2.5
Bobby Witt Jr.,KCR,158,641,694,177,108,28,11,30,97,96,40,1,121,4,8,1,11,49,15,0.276,0.057999999999999996,0.174,0.33,0.319,0.495,0.813,0.218,8.1,0.295,4.1,0.6,2.3,99,14.4,0.343,115,0.87,0.184,0.38,0.435,0.105,0.131,15,0.075,2,0.667,0.37799999999999995,0.321,0.301,0.153,0.47100000000000003,0.376,529,90.7,113.8,15.7,61,0.115,240,0.45399999999999996,0.297,0.535,0.373,-1.18,0.344,0.733,0.504,0.684,0.862,0.7909999999999999,0.413,0.622,0.105,0.15,0.255,-2.4,-3.4,5.6,1.6,9.4,0.9,-0.18,-0.51,2.4,0.79,4.39,1.47,0.49,94,0.244,84.6,0.087,88.6,0.076,80,0.079,84.2,0.023,86.2,12.3,7,9.2,5.7
Bo Bichette,TOR,135,571,601,175,122,30,3,20,69,73,27,0,115,2,1,0,14,5,3,0.306,0.045,0.191,0.23,0.339,0.475,0.814,0.168,3.6,0.355,0.6,-0.9,-1.4,89,15.5,0.349,125,1.74,0.27399999999999997,0.461,0.265,0.05,0.165,21,0.1,0,0,0.27,0.325,0.406,0.136,0.504,0.36,457,90.2,113.4,6.1,44,0.096,205,0.449,0.308,0.496,0.361,-0.22,0.408,0.784,0.5660000000000001,0.6940000000000001,0.907,0.818,0.42,0.632,0.10300000000000001,0.114,0.217,7.6,-2.5,0.1,4.8,4.4,0.5,0.64,-0.46,0.04,3.07,3.64,1.03,0.53,94.1,0.243,84.5,0.08,89,0.07,80.2,0.054000000000000006,84.5,0.023,86,17.7,-1.7,-3.3,3.8
Austin Riley,ATL,159,636,715,179,107,32,3,37,117,97,59,4,172,9,11,0,18,3,1,0.281,0.083,0.24100000000000002,0.34,0.345,0.516,0.861,0.234,4.1,0.324,4.3,-1.1,-1.1,113,26.3,0.363,127,1.03,0.185,0.413,0.402,0.079,0.19399999999999998,19,0.097,0,0,0.41100000000000003,0.358,0.23199999999999998,0.126,0.461,0.413,475,92.3,116.1,13.5,66,0.139,232,0.488,0.272,0.515,0.366,-0.4,0.31,0.7190000000000001,0.48200000000000004,0.596,0.831,0.743,0.42,0.61,0.124,0.15,0.273,7.7,-1.3,4,6.3,7.7,-0.3,0.5,-0.18,2.69,3.58,3.21,-0.68,0.539,94,0.25,85.1,0.052000000000000005,89.4,0.061,80.6,0.084,85.6,0.015,86.3,23.8,2.1,-0.2,5.2
Austin Hays,BAL,144,520,566,143,89,36,2,16,76,67,38,1,141,3,5,0,11,5,1,0.275,0.067,0.249,0.27,0.325,0.444,0.769,0.169,4.3,0.345,-3.3,-0.2,-0.4,74,5.5,0.33,112,1.18,0.16899999999999998,0.451,0.38,0.068,0.11,13,0.075,0,0,0.406,0.35200000000000004,0.242,0.146,0.49700000000000005,0.35700000000000004,384,89.4,111,10.4,34,0.089,154,0.401,0.241,0.419,0.31,-0.86,0.335,0.653,0.465,0.5589999999999999,0.867,0.735,0.40700000000000003,0.629,0.12300000000000001,0.182,0.305,10.1,-0.5,-4.1,-0.5,-0.9,1.2,1.05,-0.08,-2.78,-0.27,-0.44,2.78,0.456,94,0.27,84.9,0.07,89,0.083,80.7,0.10099999999999999,84.7,0.021,86.2,8.2,-3.9,4.8,2.2
Anthony Volpe,NYY,159,541,601,113,65,23,4,21,62,60,52,0,167,5,2,1,10,24,5,0.209,0.087,0.278,0.31,0.283,0.383,0.666,0.174,6.2,0.259,1.9,-0.1,1.7,59,-14,0.29,84,1.11,0.218,0.41100000000000003,0.371,0.094,0.152,9,0.059000000000000004,3,0.6,0.456,0.324,0.22,0.133,0.531,0.337,377,88.7,108.7,14.2,34,0.09,161,0.42700000000000005,0.229,0.391,0.307,0.07,0.32,0.685,0.47600000000000003,0.5770000000000001,0.8390000000000001,0.738,0.42700000000000005,0.626,0.125,0.171,0.29600000000000004,6.5,-11.6,-2.1,-5.1,-0.9,-2.1,0.59,-1.77,-1.51,-2.28,-0.6,-3.53,0.473,94,0.28,84.7,0.059000000000000004,89.5,0.095,79.9,0.067,85.2,0.026000000000000002,86.9,-11.3,3.5,-0.7,1.9
Anthony Santander,BAL,153,591,656,152,82,41,1,28,81,95,55,1,152,6,4,0,11,5,1,0.257,0.084,0.23199999999999998,0.36,0.325,0.472,0.797,0.215,3.5,0.299,0.3,0.3,-0.5,92,12,0.34,119,0.7,0.153,0.35,0.49700000000000005,0.182,0.127,7,0.045,0,0,0.46,0.327,0.212,0.19399999999999998,0.418,0.38799999999999996,443,90.6,113,20.2,45,0.102,204,0.461,0.235,0.421,0.318,1.75,0.377,0.6779999999999999,0.491,0.708,0.8590000000000001,0.787,0.37799999999999995,0.627,0.10400000000000001,0.159,0.264,8,-0.6,-2.6,2,1.1,0.4,0.63,-0.12,-0.98,0.84,0.29,0.35,0.46299999999999997,94.3,0.174,84.7,0.096,89,0.088,80.1,0.14,85.6,0.039,86.3,15.2,0.1,-1.3,2.6
Andrew Vaughn,CHW,152,566,615,146,93,30,2,21,67,80,36,0,129,11,2,0,15,0,0,0.258,0.059000000000000004,0.21,0.28,0.314,0.429,0.743,0.171,2.1,0.299,-4.1,-0.9,-1.1,76,1.5,0.321,103,1.23,0.196,0.444,0.36,0.095,0.133,16,0.082,0,0,0.39399999999999996,0.337,0.26899999999999996,0.132,0.522,0.34600000000000003,439,90.6,111.7,11.2,37,0.084,204,0.465,0.249,0.422,0.317,-0.13,0.349,0.6659999999999999,0.475,0.64,0.894,0.7809999999999999,0.396,0.628,0.10400000000000001,0.17600000000000002,0.28,5.1,0.8,2.7,-3.7,-2.1,-3.5,0.52,0.12,1.49,-1.7,-0.92,-6.23,0.423,93.6,0.282,84.2,0.077,88.8,0.095,80.2,0.098,85.1,0.024,85.9,2.1,-6.1,-3.5,0.2
Andrew Benintendi,CHW,151,562,621,147,106,34,2,5,72,45,52,5,89,3,3,1,12,13,2,0.262,0.084,0.14300000000000002,0.58,0.326,0.356,0.682,0.094,5,0.301,1.9,-0.2,0.6,66,-10,0.299,87,1.13,0.262,0.391,0.34700000000000003,0.073,0.03,8,0.043,2,0.5,0.325,0.382,0.294,0.138,0.616,0.245,477,86.6,109.1,14.5,14,0.028999999999999998,128,0.268,0.267,0.37,0.309,1.59,0.317,0.7090000000000001,0.488,0.7509999999999999,0.872,0.828,0.436,0.615,0.084,0.147,0.231,-5.4,-3.1,-1.8,-2,4.9,-3.4,-0.47,-0.71,-0.83,-1.06,1.73,-5.29,0.496,93.6,0.182,84.5,0.094,89,0.08,80,0.121,85.8,0.027000000000000003,85.8,-9.5,2.3,-7.8,0
Andres Gimenez,CLE,153,557,616,140,93,27,5,15,76,62,32,3,112,20,3,4,10,30,6,0.251,0.052000000000000005,0.182,0.29,0.314,0.399,0.712,0.147,7,0.289,0.3,-0.1,2.4,70,-4.7,0.309,97,1.21,0.174,0.45299999999999996,0.373,0.147,0.092,16,0.081,6,0.4,0.431,0.32299999999999995,0.24600000000000002,0.217,0.515,0.268,452,84.8,108.8,13.1,25,0.055,122,0.27,0.245,0.371,0.3,-0.35,0.42700000000000005,0.7040000000000001,0.539,0.6890000000000001,0.8440000000000001,0.7709999999999999,0.40399999999999997,0.596,0.12300000000000001,0.135,0.259,3.1,-2.8,0,4.1,-4.5,-1.6,0.27,-0.57,-0.01,1.65,-1.66,-3.74,0.479,93.2,0.21,83.7,0.072,88.6,0.106,79.3,0.11599999999999999,86,0.018000000000000002,85.5,-1.9,2.6,12.7,3.6
Amed Rosario,LAD,142,510,545,134,95,25,8,6,70,58,29,0,99,3,3,0,15,15,2,0.263,0.053,0.182,0.29,0.305,0.378,0.683,0.116,7.3,0.314,-2.1,-1.1,1.2,57,-9.7,0.297,88,1.52,0.20800000000000002,0.478,0.314,0.085,0.046,19,0.096,0,0,0.32899999999999996,0.396,0.275,0.174,0.534,0.292,414,88.3,110.5,7.6,14,0.034,163,0.39399999999999996,0.269,0.374,0.303,-0.14,0.429,0.6990000000000001,0.534,0.685,0.8809999999999999,0.785,0.39,0.675,0.114,0.149,0.263,-6.9,-8,1.4,2.2,2.2,0,-0.73,-1.46,0.94,1.36,1.39,-0.04,0.48100000000000004,93.2,0.275,84.4,0.075,88.3,0.08,79.9,0.079,84.5,0.01,85.9,-7.6,-2,-10.9,0.2
Alex Verdugo,BOS,142,546,602,144,89,37,5,13,81,54,45,1,93,6,5,0,11,5,3,0.264,0.075,0.154,0.48,0.324,0.421,0.745,0.158,4.8,0.294,0.1,-0.8,-1.3,75,1.7,0.322,98,1.34,0.21,0.452,0.33799999999999997,0.065,0.084,10,0.048,0,0,0.382,0.373,0.245,0.159,0.489,0.35200000000000004,458,89.2,112.4,8.8,23,0.05,172,0.376,0.275,0.413,0.33,-0.24,0.252,0.586,0.408,0.7020000000000001,0.943,0.863,0.465,0.583,0.055999999999999994,0.217,0.272,-7.6,3,0.9,0.8,7.6,-1,-0.61,0.73,0.65,0.37,2.62,-1.42,0.526,93.7,0.175,84.6,0.06,88.6,0.086,79.4,0.12300000000000001,86.2,0.03,86.8,-1.5,-2,9.5,2
Alex Bregman,HOU,161,622,724,163,106,28,4,25,103,98,92,1,87,8,2,0,22,3,1,0.262,0.127,0.12,1.06,0.363,0.441,0.804,0.178,3.7,0.27,-1.5,-2.2,-1.4,108,19.7,0.351,125,0.77,0.18600000000000003,0.354,0.46,0.121,0.10099999999999999,7,0.037000000000000005,0,0,0.426,0.35200000000000004,0.222,0.142,0.523,0.335,537,88.6,107.5,17.6,29,0.054000000000000006,205,0.382,0.262,0.423,0.349,0.55,0.223,0.633,0.387,0.747,0.941,0.8740000000000001,0.401,0.606,0.049,0.195,0.244,7.3,1.5,1,1.7,2.4,-0.3,0.51,0.21,0.51,0.84,0.98,-0.71,0.508,93.9,0.245,84.7,0.072,88.9,0.072,79.7,0.087,85.5,0.016,86.6,21.9,-5.1,-0.2,4.3
Alec Bohm,PHI,145,558,611,153,102,31,0,20,74,97,42,1,94,5,6,0,23,4,1,0.274,0.069,0.154,0.45,0.327,0.437,0.765,0.163,2.9,0.296,-3.2,-3.2,-0.8,80,5.5,0.329,105,1.25,0.23800000000000002,0.423,0.33799999999999997,0.082,0.126,7,0.035,0,0,0.302,0.40399999999999997,0.294,0.153,0.532,0.315,470,89.4,109.3,11.1,27,0.057,196,0.41700000000000004,0.287,0.45,0.342,-0.45,0.34299999999999997,0.701,0.499,0.746,0.907,0.8440000000000001,0.435,0.604,0.078,0.152,0.23,-10.6,0.4,1.4,3.5,2.4,1.7,-0.86,0.08,1.1,2.75,1.27,6.73,0.546,93.9,0.244,84.5,0.057,89.2,0.057,80.6,0.083,85.1,0.011000000000000001,85.2,4,-7.2,-2.9,1.1
Adolis Garcia,TEX,148,555,632,136,68,29,0,39,108,107,65,0,175,6,6,0,12,9,1,0.245,0.10300000000000001,0.27699999999999997,0.37,0.328,0.508,0.836,0.263,4.5,0.28,2.8,0.4,0.3,96,18.8,0.354,124,0.78,0.163,0.368,0.469,0.072,0.215,15,0.106,0,0,0.425,0.345,0.231,0.11199999999999999,0.462,0.426,386,92.1,115.1,15.7,62,0.161,192,0.49700000000000005,0.249,0.523,0.367,-0.65,0.33,0.743,0.486,0.585,0.789,0.703,0.37799999999999995,0.5760000000000001,0.14400000000000002,0.141,0.285,2.2,7.7,6.8,3.8,1,-2.9,0.17,1.28,3.21,2.35,0.47,-5.88,0.515,94.1,0.235,85,0.082,88.7,0.062,79.6,0.086,85.5,0.02,87.4,18.3,3.5,11.5,4.8
Adley Rutschman,BAL,154,588,687,163,111,31,1,20,84,80,92,6,101,2,5,0,14,1,2,0.277,0.134,0.147,0.91,0.374,0.435,0.809,0.158,1.8,0.303,0.3,-1.1,-2.2,103,19,0.352,127,1.22,0.23199999999999998,0.423,0.34600000000000003,0.076,0.11800000000000001,14,0.067,0,0,0.384,0.32299999999999995,0.293,0.163,0.539,0.299,492,88.4,111.1,12.6,37,0.075,189,0.384,0.29,0.466,0.373,0.66,0.27,0.62,0.41,0.7709999999999999,0.924,0.863,0.4,0.56,0.055999999999999994,0.201,0.257,14,-0.2,-1.3,-0.1,3.5,3.1,1.03,-0.04,-0.62,-0.03,0.78,3.24,0.465,94.2,0.18,84.8,0.074,89,0.092,80,0.156,86,0.033,86.7,22.3,-3,5.1,5.1